COMPANY,SLOGAN,SectorId,URL,Telecommunication Services,GICS_SubIndustry,WORDS,
3M Company,Science. Applied to life.,20,3M Company,Industrials,Industrial Conglomerates,4,
A&P,"At the A&P, we watch our P's and Q's.",30,A&P,Consumer Staples,,, 
Abbott Laboratories,Life. To the fullest.,35,Abbott Laboratories,Health Care,Health Care Equipment,4,
AbbVie,People. Passion. Possibilities.,35,AbbVie Inc.,Health Care,Pharmaceuticals,3,
ABN AMRO Bank , Making More Possible,40,,Financials,,,
Accenture plc,High performance. Delivered.,45,Accenture plc,Information Technology,IT Consulting & Other Services,3,
Activision Blizzard,We make Great Games,45,Activision Blizzard,Information Technology,Home Entertainment Software,4,
Adobe Systems Inc,A new experience in user experience.,45,Adobe Systems Inc,Information Technology,Application Software,6,
ADT Corp,Always There.,45,Advanced Micro Devices Inc,Information Technology,Semiconductors,2,
Advance Auto Parts,We’re Ready in Advance.,25,Advance Auto Parts,Consumer Discretionary,Automotive Retail,4,
Advertisements,It pays to advertise!,25,Advertisements,Consumer Discretionary,,,
AES Corp,The Power of being Global,10,AES Corp,Energy,Independent Power Producers & Energy Traders,5,
Aetna Inc,We want you to know.,35,Aetna Inc,Health Care,Managed Health Care,5,
Affiliated Managers Group Inc,A global asset under management,40,Affiliated Managers Group Inc,Financials,Asset Management & Custody Banks,5,
AFLAC Inc,Ask about it at work.,40,AFLAC Inc,Financials,Life & Health Insurance,5,
Agilent Technologies Inc,The world’s premier measurement company.,35,Agilent Technologies Inc,Health Care,Health Care Equipment,5,
AGL Resources Inc.,Providing Tomorrow’s Energy.,55,AGL Resources Inc.,Utilities,,3,
AIG or American International Group Insurance Company , We know Money,40,,Financials,,,
Air Canada , A breath of Fresh Air,20,,Industrials,,,
Air India, Moving India Forward,20,,Industrials,,,
Air Products & Chemicals Inc,We are Air Products,15,Air Products & Chemicals Inc,Materials,Industrial Gases,4,
Air Sahara, EMOTIONALLY YOURS,20,,Industrials,,,
Airgas Inc,You’ll find it with us.,15,Airgas Inc,Materials,,5,
Airtel, Express Yourself,50,,Telecommunication Services,,,
AKAI, Land of rising technology,25,,Consumer Discretionary,,,
Akamai Technologies Inc,"In a faster forward world, innovation doesn’t wait for technology",45,Akamai Technologies Inc,Information Technology,Internet Software & Services,10,
Alcoa Inc,Inventing the future since 1888,15,Alcoa Inc,Materials,,5,
Alexion Pharmaceuticals,Transforming patients’ lives through innovation.,35,Alexion Pharmaceuticals,Health Care,Biotechnology,5,
Alka-Seltzer,Plop Plop Fizz Fizz. Oh what a relief it is.,35,Alka-Seltzer,Health Care,,,
Allegion,Pioneering safety around the world.,20,Allegion,Industrials,Building Products,5,
Allen Solly, Friday Dressing,25,,Consumer Discretionary,,,
Allergan plc,"Our pursuit, Life’s potential",35,Allergan plc,Health Care,,4,
Alliance Data Systems,All for Good. Good for All.,45,Alliance Data Systems,Information Technology,Data Processing & Outsourced Services,6,
Allianz Insurance, THE POWER ON YOUR SIDE,40,,Financials,,,
Allstate Corp,You’re in good hands.,40,Allstate Corp,Financials,Property & Casualty Insurance,4,
Alphabet Inc Class A,Don’t Be Evil.,45,Alphabet Inc Class A,Information Technology,Internet Software & Services,3,
Alphabet Inc Class C,Don’t Be Evil.,45,Alphabet Inc Class C,Information Technology,Internet Software & Services,3,
Altria Group Inc,We’re A Company Moving Forward,30,Altria Group Inc,Consumer Staples,Tobacco,5,
Amazon.com Inc,Work Hard. Have Fun. Make History.,25,Amazon.com Inc.,Consumer Discretionary,Internet & Direct Marketing Retail,6,
Ameren Corp,Focused Energy. For Life,55,Ameren Corp,Utilities,Multi-Utilities,4,
American Airlines Group,Going for great.,20,American Airlines Group,Industrials,Airlines,3,
American Electric Power,"AEP, America’s Energy Partner…",55,American Electric Power,Utilities,Electric Utilities,4,
American Express Co,Don’t Leave Home Without It,40,American Express Co,Financials,Consumer Finance,5,
"American International Group, Inc.",We know money.,40,"American International Group, Inc.",Financials,Property & Casualty Insurance,3,
American Tower Corp A,Where you want to be.,50,American Tower Corp A,Telecommunication Services,Specialized REITs,5,
American Water Works Company Inc,The Authoritative Resource on Safe Water,55,American Water Works Company Inc,Utilities,Water Utilities,6,
Ameriprise Financial,Be Brilliant,40,Ameriprise Financial,Financials,Asset Management & Custody Banks,2,
AmerisourceBergen Corp,Because It’s All Right Here.,35,AmerisourceBergen Corp,Health Care,Health Care Distributors,5,
Ametek,A Leading Global Manufacturer of Electronic Instruments and Electromechanical Devices,20,AMETEK Inc.,Industrials,Electrical Components & Equipment,10,
Amgen Inc,To Serve Patients.,35,Amgen Inc.,Health Care,Biotechnology,3,
Amphenol Corp A,Connecting tomorrow.,15,Amphenol Corp,Materials,Electronic Components,2,
Anadarko Petroleum Corp,Bringing Excellence to the Surface.,10,Anadarko Petroleum Corp,Energy,Oil & Gas Exploration & Production,5,
"Analog Devices, Inc.",World leader in high performance signalprocessing.,45,"Analog Devices, Inc.",Information Technology,Semiconductors,7,
Anthem Inc.,"Together, we are transforming health care with trusted and caring solutions",35, ,Health Care,Managed Health Care,11,
Aon plc,Insure your vision.,40,Aon plc,Financials,Insurance Brokers,3,
Apache Corporation,Energy to Grow,10,Apache Corporation,Energy,Oil & Gas Exploration & Production,3,
Apartment Investment & Mgmt,America Comes Home to Aimco,60,Apartment Investment & Management,Real Estate,Residential REITs,5,
Apple Computer,Everything is easier on a Mac,45,Apple Inc.,Information Technology,,,
Apple Inc.,Think Different.,45,Apple Inc.,Information Technology,"Technology Hardware, Storage & Peripherals",2,
Apple Inc.,"Once you go Mac, you'll never go back.",45,Apple Inc.,Information Technology,,,
Applied Materials Inc,Apply it.,20,Applied Materials Inc.,Industrials,Semiconductor Equipment,2,
Arby's,I'm thinking Arby's.,25,Arby's,Consumer Discretionary,,,
ARCELOR , Steel solutions for a better world,15,,Materials,,,
Archer-Daniels-Midland Co,Resourceful by nature,55,Archer-Daniels-Midland Co,Utilities,Agricultural Products,3,
Assurant Inc,Assurant. On your terms.,40,Assurant Inc.,Financials,Multi-line Insurance,4,
AT&T , The World's Networking Company,50,,Telecommunication Services,,,
AT&T Inc,Your world. Delivered.,50,AT&T Inc.,Telecommunication Services,Integrated Telecommunication Services,3,
Australian Broadcasting Corporation,It's Your ABC.,25,Australian Broadcasting Corporation,Consumer Discretionary,,,
Autodesk Inc,Design your world.,45,Autodesk Inc.,Information Technology,Application Software,3,
Automatic Data Processing,The Business behind business.,45,Automatic Data Processing,Information Technology,Internet Software & Services,4,
AutoNation Inc,Driven to be the best,25,AutoNation Inc,Consumer Discretionary,,5,
AutoZone Inc,Get in the Zone,25,AutoZone Inc,Consumer Discretionary,Specialty Stores,4,
Avago Technologies,"Your Imagination, Our innovation",25,Avago Technologies,Consumer Discretionary,,4,
"AvalonBay Communities, Inc.",Appreciating value,60,"AvalonBay Communities, Inc.",Real Estate,Residential REITs,2,
Avery Dennison Corp,"Inspired Brands, Intelligent World",20,Avery Dennison Corp,Industrials,Paper Packaging,4,
Avis Rental Cars,We Try Harder,25,,Consumer Discretionary,,,
Bajaj, Auto Inspiring Confidence,20,,Industrials,,,
Baker Hughes Inc,"Enabling safe, affordable energy, improving people’s lives",10,"Baker Hughes, a GE Company",Energy,Oil & Gas Equipment & Services,7,
Ball Corp,Products that reflect an innovation mindset.,15,Ball Corp,Materials,Metal & Glass Containers,6,
Bank of America Corp,Think what we can do for you,40,Bank of America Corp,Financials,Diversified Banks,7,
Barclays , Fluent in Finance; Its our business to know your business,40,,Financials,,,
Bard (C.R.) Inc.,Advancing Lives and the Delivery of Health Care,35,Bard (C.R.) Inc.,Health Care,,8,
Baxalta,"Your Life, Our Inspiration",35,Baxalta,Health Care,,4,
Baxter International Inc.,Making a meaningful difference in patients’ lives,35,Baxter International Inc.,Health Care,Health Care Equipment,7,
BB&T Corporation,More than writing checks or making deposits…,40,BB&T Corporation,Financials,Regional Banks,7,
Be Fearless. , SYMANTEC,45,,Information Technology,,,
Becton Dickinson,Helping all people live healthy lives,35,Becton Dickinson,Health Care,Health Care Equipment,6,
Bed Bath & Beyond,Everything to Entertain,25,Bed Bath & Beyond,Consumer Discretionary,,3,
Berkshire Hathaway,The Customer Is Always Right!,40,Berkshire Hathaway,Financials,Multi-Sector Holdings,5,
Best Buy Co. Inc.,Expert Service. Unbeatable Price.,25,Best Buy Co. Inc.,Consumer Discretionary,Computer & Electronics Retail,4,
BIOCON , The difference lies in our DNA,35,,Health Care,,,
BIOGEN IDEC Inc.,Transforming discovery into care.,35,Biogen Inc.,Health Care,Biotechnology,4,
BlackRock,Opportunity favors the prepared mind,40,BlackRock,Financials,Asset Management & Custody Banks,5,
Block H&R,You got people.,40,Block H&R,Financials,Consumer Finance,3,
BLOGGER.COM , Push Button Publishing,25,,Consumer Discretionary,,,
BLOOMINGDALES , Like no other store in the world,25,,Consumer Discretionary,,,
BluestarAC, BREATHE EASY,20,,Industrials,,,
BMW,The ultimate driving machine,20,https://www.bmwgroup.com/en.html,Industrials,,,
BMW , The Ultimate Driving Machine,20,,Industrials,,,
Boeing Company,Forever New Frontiers,20,Boeing Company,Industrials,Aerospace & Defense,3,
BorgWarner,Feel good about driving,20,BorgWarner,Industrials,Auto Parts & Equipment,4,
Bose Corporation,Better sound through research.,25,Bose Corporation,Consumer Discretionary,,,
Boston Properties,Experienced leadership.,60,Boston Properties,Real Estate,Office REITs,2,
Boston Scientific,Delivering what’s next.,35,Boston Scientific,Health Care,Health Care Equipment,3,
BPCL , Pure for Sure,10,,Energy,,,
Bristol-Myers Squibb,extending and enhancing human life,35,Bristol-Myers Squibb,Health Care,Health Care Distributors,5,
British airways , The Way to Fly.,20,,Industrials,,,
British Petroleum , Beyond Petroleum,10,,Energy,,,
British Rail,We're getting there.,25,British Rail,Consumer Discretionary,,,
Brooke Bond, Cheers your senses,30,,Consumer Staples,,,
Brown-Forman Corporation,We enrich the experience of life.,30,Brown-Forman Corp.,Consumer Staples,Distillers & Vintners,6,
Brylcreem,A little dab'll do ya!,25,Brylcreem,Consumer Discretionary,,,
BSNL, Connecting India,50,,Telecommunication Services,,,
Burger King,Aren't You Hungry for Burger King now?,25,Burger King,Consumer Discretionary,,,
Burger King,Have it your way.,25,Burger King,Consumer Discretionary,,,
Burger King,Home of the Whopper.,25,Burger King,Consumer Discretionary,,,
BUSINESS STANDARD, When you're sure,25,,Consumer Discretionary,,,
BUSINESS TODAY , For Managing Tomorrow,25,,Consumer Discretionary,,,
BUSINESS WORLD , Play the Game,25,,Consumer Discretionary,,,
C A, THE SOFTWARE THAT MANAGES e-BUSINESS,45,,Information Technology,,,
C. H. Robinson Worldwide,Get You There Faster.,20,C. H. Robinson Worldwide,Industrials,Air Freight & Logistics,4,
"CA, Inc.",Agility made possible,45,"CA, Inc.",Information Technology,Systems Software,3,
Cablevision Systems Corp.,Reach Out and Touch Someone.,25,Cablevision Systems Corp.,Consumer Discretionary,,5,
Cabot Oil & Gas,"Clean Energy, Stronger Communities",10,Cabot Oil & Gas,Energy,Oil & Gas Exploration & Production,4,
Calvin Klein's Obsession,Between love and madness lies Obsession.,25,Calvin Klein's Obsession,Consumer Discretionary,,,
Camel cigarettes,I'd walk a mile for a Camel.,25,Camel cigarettes,Consumer Discretionary,,,
Cameron International Corp.,Raising Performance. Together.,20,Cameron International Corp.,Industrials,,3,
Campbell Soup,It’s Amazing What Soup Can Do!,30,Campbell Soup,Consumer Staples,Packaged Foods & Meats,6,
Campbell's Soup,M'm! M'm! Good!,30,Campbell's Soup,Consumer Staples,,,
Capital One Financial,What’s in your wallet?,40,Capital One Financial,Financials,Consumer Finance,4,
Cardinal Health Inc.,Essential to care,35,Cardinal Health Inc.,Health Care,Health Care Distributors,3,
Caribou Coffee,Life is short. Stay awake for it!,30,Caribou Coffee,Consumer Staples,,,
Carl's Jr.,"If it doesn't get all over the place, it doesn't belong in your face.",25,Carl's Jr.,Consumer Discretionary,,,
Carlsberg,Probably the best lager in the world.,30,Carlsberg,Consumer Staples,,,
Carmax Inc,The Way Car Buying Should Be,25,Carmax Inc,Consumer Discretionary,Specialty Stores,6,
Carnival Corp.,Fun For All. All For Fun,25,Carnival Corp.,Consumer Discretionary,"Hotels, Resorts & Cruise Lines",6,
Cartoon Network,The Best Place for Cartoons.,25,Cartoon Network,Consumer Discretionary,,,
Caterpillar Inc.,Earthmoving solutions for today’s challenges.,20,Caterpillar Inc.,Industrials,Construction Machinery & Heavy Trucks,5,
CBRE Group,Local Real Estate. Worldwide,60,CBRE Group,Real Estate,Real Estate Services,4,
CBS,We've got the touch.,25,CBS,Consumer Discretionary,Broadcasting,,
CBS Corp.,Only CBS,25,CBS Corp.,Consumer Discretionary,Broadcasting,2,
CEAT ,Making Mobility Safer and Smarter. Everyday,25,,Consumer Discretionary,,,
Celgene Corp.,Committed to improving the lives of patients worldwide,35,Celgene Corp.,Health Care,Biotechnology,8,
Centene Corporation,Better health outcomes at lower costs,35,Centene Corporation,Health Care,Managed Health Care,6,
CenterPoint Energy,Always there.,55,CenterPoint Energy,Utilities,Multi-Utilities,2,
CenturyLink Inc,Stronger Connected,50,CenturyLink Inc,Telecommunication Services,Integrated Telecommunication Services,2,
Cerner,Anticipate Innovate Accelerate,45,Cerner,Information Technology,Health Care Technology,3,
CF Industries Holdings Inc,Where chemistry grows,15,CF Industries Holdings Inc,Materials,Fertilizers & Agricultural Chemicals,3,
Charles Schwab Corporation,Helping investors help themselves,40,Charles Schwab Corporation,Financials,Investment Banking & Brokerage,4,
Charmin,Please don’t squeeze the Charmin,25,,Consumer Discretionary,Household Products,,
Chesapeake Energy,Natural Gas Wins the Day,10,Chesapeake Energy,Energy,,5,
CHEVROLET AVEO , When Good is not good enough.,25,,Consumer Discretionary,,,
Chevron Corp.,"Finding newer, cleaner ways to power the world.",10,Chevron Corp.,Energy,Integrated Oil & Gas,8,
Chevron Corporation , Human Energy,10,,,,,
Chick-fil-A,Eat Mor Chikin!,25,Chick-fil-A,Consumer Discretionary,,,
CHIP , Intelligent Computing,45,,Information Technology,,,
Chipotle Mexican Grill,Food with integrity,25,Chipotle Mexican Grill,Consumer Discretionary,Restaurants,3,
Chubb Limited,Chubb. Insured.,40,Chubb Limited,Financials,Property & Casualty Insurance,2,
Chuck E. Cheese's,Where a kid can be a kid.,25,Chuck E. Cheese's,Consumer Discretionary,,,
Church & Dwight,The Standard of Purity,25,Church & Dwight,Consumer Discretionary,Household Products,4,
CIGNA Corp.,A Business of Caring,35,CIGNA Corp.,Health Care,Managed Health Care,4,
Cimarex Energy,Stronger for Good Time and Bad,10,Cimarex Energy,Energy,Oil & Gas Exploration & Production,6,
Cincinnati Financial,Everything Insurance Should Be,40,Cincinnati Financial,Financials,Property & Casualty Insurance,4,
Cintas Corporation,Ready for the Workday,20,Cintas Corporation,Industrials,Diversified Support Services,4,
CIPLA , Caring for life,35,,Health Care,,,
Cisco Systems,Welcome To The Human Network,45,Cisco Systems,Information Technology,Communications Equipment,5,
Citibank,your city never sleeps,40,,Financials,,,
Citigroup Inc.,Where money lives,40,Citigroup Inc.,Financials,Diversified Banks,8,
Citizens Financial Group,Good Banking Is Good Citizenship,40,  ,Financials,Regional Banks,5,
Citrix Systems,Simplicity is power,40,Citrix Systems,Financials,,3,
CME Group Inc.,How The World Advances,40,CME Group Inc.,Financials,Financial Exchanges & Data,4,
CMS Energy,Count on Us.,55,CMS Energy,Utilities,Multi-Utilities,3,
CNBC , Profit from it,25,First in Business Worldwide,Consumer Discretionary,,,
Coach Inc.,Give her Coach,25,Coach Inc.,Consumer Discretionary,,3,
Coca-Cola,Always Coca-Cola.,30,Coca-Cola,Consumer Staples,,,
Coca-Cola,Coca-Cola. Enjoy!,30,Coca-Cola,Consumer Staples,,,
Coca-Cola,Coke is it!,30,Coca-Cola,Consumer Staples,,,
Coca-Cola,Life tastes good.,30,Coca-Cola,Consumer Staples,,,
Coca-Cola,Make It Real.,30,Coca-Cola,Consumer Staples,,,
Coca-Cola,Open Happiness.,30,Coca-Cola,Consumer Staples,,,
Coca-Cola,Real.,30,Coca-Cola,Consumer Staples,,,
Coca-Cola,The Coke Side of Life.,30,Coca-Cola,Consumer Staples,,,
Coca-Cola,The pause that refreshes.,30,Coca-Cola,Consumer Staples,,,
Coca-Cola,The Real Thing,30,Coca-Cola,Consumer Staples,,,
Coca-Cola Enterprises,Things go better with Coke.,30,Coca-Cola,Consumer Staples, ,5,
Cognizant Technology Solutions,Keep Challenging,45,Cognizant Technology Solutions,Information Technology,IT Consulting & Other Services,2,
Colgate-Palmolive,“World of Care”,25,Colgate-Palmolive,Consumer Discretionary,Household Products,3,
Columbia Pipeline Group Inc,"Significant Scale, Unparalleled Footprint",20,Columbia Pipeline Group Inc,Industrials,,4,
Comcast A Corp,Ready to work.,25,Comcast Corp.,Consumer Discretionary,Cable & Satellite,3,
Comerica Inc.,Committed to Business,40,Comerica Inc.,Financials,Diversified Banks,3,
CrOMPTRON and GREAVES , Everyday Solutions,10,,,,,
ConAgra Foods Inc.,ConAgra. The right kind of food company,30,Conagra Brands,Consumer Staples,Packaged Foods & Meats,7,
Concho Resources,Great Place To Work,10,Concho Resources,Energy,Oil & Gas Exploration & Production,4,
ConocoPhillips,Energy for tomorrow.,10,ConocoPhillips,Energy,Oil & Gas Exploration & Production,3,
Consolidated Edison,"Energy, efficiency, expertise",10,Consolidated Edison,Energy,Electric Utilities,3,
Constellation Brands,Tastes for life,30,Constellation Brands,Consumer Staples,Distillers & Vintners,3,
Corning Inc.,Discovering Beyond Imagination,20,Corning Inc.,Industrials,Electronic Components,3,
Corona,Every bubble's passed its fizzical.,30,Corona,Consumer Staples,Packaged Foods & Meats,,
Costco Co.,Simplifying home and life,30,Costco Wholesale Corp.,Consumer Staples,Hypermarkets & Super Centers,4,
Council for Cable Information,"Cable. It's not just more choice, it's your choice.",25,Council for Cable Information,Consumer Discretionary,Cable & Satellite,,
Count Chocula,I vant to eat your cereal!,30,Count Chocula,Consumer Staples,,,
Cow's milk (for the California Milk Processor Board),Got Milk?,30,Cow's milk (for the California Milk Processor Board),Consumer Staples,,,
Cremo cigars by American Tobacco,There is no spit in Cremo!,30,Cremo cigars by American Tobacco,Consumer Staples,food beverage and tobacco,,
Crocodile, Tough Guys,25,,Consumer Discretionary,,,
Crown Castle International Corp.,Providing Wireless Infrastructure in Prime Locations,50,Crown Castle International Corp.,Telecommunication Services,Specialized REITs,6,
CSRA Inc.,Enduring Values. Inspired Performance.,45,CSRA Inc.,Information Technology,,4,
CSX Corp.,How tomorrow moves.,20,CSX Corp.,Industrials,Railroads,3,
Cummins Inc.,Making people’s lives better by unleashing the power of Cummins.,20,Cummins Inc.,Industrials,Industrial Machinery,10,
CVS Caremark Corp.,Health is everything,35,CVS Health,Health Care,Drug Retail,3,
D. R. Horton,America’s Builder,25,D. R. Horton,Consumer Discretionary,Homebuilding,2,
Danaher Corp.,Invent.,20,Danaher Corp.,Industrials,Health Care Equipment,1,
Darden Restaurants,To nourish and delight everyone we serve,25,Darden Restaurants,Consumer Discretionary,Restaurants,7,
DaVita Inc.,Bringing quality to life,35,DaVita Inc.,Health Care,Health Care Facilities,4,
DeBeers,A diamond is forever.,15,DeBeers,Materials,,,
Deere & Co.,Nothing runs like a Deere.,20,Deere & Co.,Industrials,Agricultural & Farm Machinery,5,
Dell Computer,Easy as Dell,45,,Information Technology,,,
Delphi Automotive,Partner of Choice.,20,Delphi Automotive,Industrials,,3,
Delta Air Lines,Keep Climbing.,20,Delta Air Lines Inc.,Industrials,Airlines,2,
Dentsply Sirona,For better dentistry.,35,Dentsply Sirona,Health Care,Health Care Supplies,3,
Deutsche Bank , A Passion to Perform,40,,Financials,,,
Devon Energy Corp.,Commitment runs deep.,10,Devon Energy Corp.,Energy,Oil & Gas Exploration & Production,3,
DHL,We keep your promises.,20,DHL,Industrials,,,
DHL, We move the world,20,DHL,Industrials,,,
Diamond Offshore Drilling,Hooked On Safety,10,Diamond Offshore Drilling,Energy,,3,
DIGIT ,"Save money, without thinking about it.",40,,Financials,,,
Discover Financial Services,There’s always something more to Discover,40,Discover Financial Services,Financials,Consumer Finance,6,
Discovery Communications-A,"Let’s All Discover, Why No Myth Is Safe",25,Discovery Inc. Class A,Consumer Discretionary,Cable & Satellite,8,
Discovery Communications-C,"Let’s All Discover, Why No Myth Is Safe",25,Discovery Inc. Class C,Consumer Discretionary,Cable & Satellite,8,
Dollar General,"Save Time, Save Money, Everyday.",25,Dollar General,Consumer Discretionary,General Merchandise Stores,5,
Dollar Tree,Everything’s $1,25,Dollar Tree,Consumer Discretionary,General Merchandise Stores,2,
Dominion Resources,What we do everyday Powers you everyday,55,Dominion Energy,Utilities,Electric Utilities,7,
Domino's Pizza,"Get the door, it's Domino's!",25,Domino's Pizza,Consumer Discretionary,,,
Domino's Pizza,You got 30 minutes.,25,Domino's Pizza,Consumer Discretionary,,,
Dover Corp.,redefining what's possible,20,Dover Corp.,Industrials,Industrial Machinery,3,
Dow Chemical,Living. Improved Daily.,15,DowDuPont,Materials,Diversified Chemicals,3,
Dr Pepper Snapple Group,We do things with flavor,25,Dr Pepper Snapple Group,Consumer Discretionary,,5,
DR. REDDY'S LABORATORIES , Life. Research. Hope,35,,Health Care,,,
DTE Energy Co.,For all the energy you’ll ever need.,55,DTE Energy Co.,Utilities,Multi-Utilities,7,
Du Pont (E.I.),The Miracles of Science,15,Du Pont (E.I.),Materials,,4,
Duke Energy,Powering and empowering our communities,55,Duke Energy,Utilities,Electric Utilities,5,
Dun & Bradstreet,committed to your success.,45,Dun & Bradstreet,Information Technology,,4,
Duracell,You can't top the copper top.,25,Duracell,Consumer Discretionary,,,
E*Trade,Get high rates without the risks.,40,E*Trade,Financials,Investment Banking & Brokerage,6,
Eastman Chemical,Where Chemistry and Innovation come together.,15,Eastman Chemical,Materials,Diversified Chemicals,6,
Eaton Corporation,Powering Business Worldwide,20,Eaton Corporation,Industrials,Electrical Components & Equipment,3,
EBAY , The World's Online Market Place,25,,Consumer Discretionary,,,
eBay Inc.,"“Buy it, sell it, love it”",45,eBay Inc.,Information Technology,Internet Software & Services,6,
Ecolab Inc.,The Global Leader in Commercial and Sanitizing Solutions,15,Ecolab Inc.,Materials,Specialty Chemicals,8,
Edison Int’l,Leading the way in electricity.,55,Edison Int'l,Utilities,Electric Utilities,5,
Edwards Lifesciences,Global Leader in the Science of Heart Valves and Hemodynamic Monitoring,35,Edwards Lifesciences,Health Care,Health Care Equipment,11,
Electronic Arts,If it’s in the game. It’s in the game.,45,Electronic Arts,Information Technology,Home Entertainment Software,9,
EMC Corp.,Where information lives.,45,EMC Corp.,Information Technology,,3,
Emerson Electric Company,Consider it solved.,20,Emerson Electric Company,Industrials,Electrical Components & Equipment,3,
Endo International,Serving for the health of the people,35,Endo International,Health Care,,7,
Energizer ,He Keeps Going and Going and …,25,Energizer,Consumer Discretionary,,,
Entergy Corp.,The Power of People.,55,Entergy Corp.,Utilities,Electric Utilities,4,
EOG Resources,"When you think energy, think EOG",10,EOG Resources,Energy,Oil & Gas Exploration & Production,6,
EPSON , Exceed Your Vision,25,,Consumer Discretionary,,,
EQT Corporation,Where energy means innovation,10,EQT Corporation,Energy,Oil & Gas Exploration & Production,4,
Equifax Inc.,Inform. Enrich. Empower.,25,Equifax Inc.,Consumer Discretionary,Research & Consulting Services,3,
Equinix,Where Opportunity Connects,50,Equinix,Telecommunication Services,Specialized REITs,3,
Equity Residential,A place people are proud to call home,60,Equity Residential,Real Estate,Residential REITs,8,
Ernst and Young , Quality in Everything we Do,45,,Information Technology,,,
Essar corp ,we create value,10,,,,,
Essex Property Trust Inc,Every Story is Unique. Every Home is Different.,60,"Essex Property Trust, Inc.",Real Estate,Residential REITs,8,
Esso/Exxon,Put a tiger in your tank.,10,Esso/Exxon,Energy,Oil & Gas Exploration & Production,,
Estee Lauder Cos.,Bringing the best to everyone we touch.,25,Estee Lauder Cos.,Consumer Discretionary,Personal Products,7,
Eversource Energy,"Take only pictures, leave only footprints",55,Eversource Energy,Utilities,Multi-Utilities,6,
Exelon Corp.,Sustainable Advantage,55,Exelon Corp.,Utilities,Multi-Utilities,2,
Expedia Inc.,Where you book matters,25,Expedia Inc.,Consumer Discretionary,Internet & Direct Marketing Retail,4,
Expeditors Int’l,You’d be surprised how far we’ll go for you.,20,Expeditors International,Industrials,Air Freight & Logistics,9,
Express Scripts,Serving the prescription needs of more than 50 million Americans.,35,Express Scripts,Health Care,Health Care Distributors,10,
Extra Space Storage,Real storage expert,60,Extra Space Storage,Real Estate,Specialized REITs,3,
Exxon Mobil Corp.,Taking on the world’s toughest energy challenges.,10,Exxon Mobil Corp.,Energy,Integrated Oil & Gas,7,
F5 Networks,IT agility. Your way.,50,F5 Networks,Telecommunication Services,Communications Equipment,4,
Facebook,Be Connected. Be Discovered. Be on Facebook.,45,"Facebook, Inc.",Information Technology,Internet Software & Services,7,
Farmers Insurance Group,Gets you back where you belong.,40,Farmers Insurance Group,Financials,Property & Casualty Insurance,,
Fastenal Co,Growth through customer service,20,Fastenal Co,Industrials,Building Products,4,
Federal Express,"When it absolutely, positively, has to be there overnight.",20,Federal Express,Industrials,,,
Federal Realty Investment Trust,We make home possible,60,Federal Realty Investment Trust,Real Estate,Retail REITs,4,
FedEx Corporation,"Relax, it’s FedEx; The world on time",20,FedEx Corporation,Industrials,Air Freight & Logistics,7,
FIAT , Driven by Passion. FIAT,20,,Industrials,,,
Fidelity National Information Services,160 years of Experience,45,Fidelity National Information Services,Information Technology,Internet Software & Services,4,
Fifth Third Bancorp,The things we do for dreams.,40,Fifth Third Bancorp,Financials,Regional Banks,6,
First Solar Inc,Lowering The Cost of Solar Electricity,10,First Solar Inc,Energy,,6,
FirstEnergy Corp,Our energy is working for you.,55,FirstEnergy Corp,Utilities,Electric Utilities,6,
Fiserv Inc,Source. Capture. Optimization.,45,Fiserv Inc,Information Technology,Internet Software & Services,3,
FLIR Systems,The world’s sixth sense.,45,FLIR Systems,Information Technology,Electronic Equipment & Instruments,4,
Flowserve Corporation,Experience in motion.,20,Flowserve Corporation,Industrials,Industrial Machinery,3,
Fluor Corp.,How the world is built.,20,Fluor Corp.,Industrials,Construction & Engineering,5,
FMC Corporation,We put you first. And keep you ahead.,20,FMC Corporation,Industrials,Fertilizers & Agricultural Chemicals,8,
Folgers,The best part of waking up is Folgers in your cup!,30,Folgers,Consumer Staples,,,
Ford Mondeo, Redefined Aggression,25,,Consumer Discretionary,,,
Ford Motor,Built for the road ahead.,25,Ford Motor,Consumer Discretionary,Automobile Manufacturers,5,
Franklin Resources,Gain from our perspective,40,Franklin Resources,Financials,Asset Management & Custody Banks,4,
Freeport-McMoran Cp & Gld,Connecting the Future,15,Freeport-McMoRan Inc.,Materials,Copper,3,
Frontier Communications,“Welcome to the New Frontier.”,50,Frontier Communications,Telecommunication Services,,5,
GAIL , Gas and Beyond,55,,Utilities,,,
GameStop Corp.,Power to the Players,25,GameStop Corp.,Consumer Discretionary,,4,
Gap (The),“For every generation there’s a Gap.”,25,Gap Inc.,Consumer Discretionary,Apparel Retail,6,
Garmin Ltd.,We’ll Take You There,25,Garmin Ltd.,Consumer Discretionary,Consumer Electronics,4,
GEICO,So easy a caveman can do it.,40,GEICO,Financials,Property & Casualty Insurance,,
General Dynamics,Strength on your side,20,General Dynamics,Industrials,Aerospace & Defense,4,
General Electric,We bring good things to life.,20,General Electric,Industrials,Industrial Conglomerates,6,
General Electric,Imagination at Work.,20,General Electric,Industrials,Industrial Conglomerates,,
General Growth Properties Inc.,"Fully integrated, self managed and self administered REIT",60,General Growth Properties Inc.,Real Estate,Retail REITs,8,
General Mills,Nourishing Lives.,30,General Mills,Consumer Staples,Packaged Foods & Meats,2,
General Motors,People in motion.,25,General Motors,Consumer Discretionary,Automobile Manufacturers,3,
Genuine Parts,Get the good stuff.,20,Genuine Parts,Industrials,Specialty Stores,4,
Gilead Sciences,Advancing therapeutics. Improving lives.,35,Gilead Sciences,Health Care,Biotechnology,4,
GlaxoSmithKline,"Do more, feel better, live longer.",35,GlaxoSmithKline,Health Care,,,
GM ,Find new roads,25,,Consumer Discretionary,,,
Godrej locks, PEACE OF MIND.GUARANTEED,25,,Consumer Discretionary,,,
Goldfish,The snack that smiles back.,30,Goldfish,Consumer Staples,,,
Goldman Sachs Group,Our client’s intrests always come first.,40,Goldman Sachs Group,Financials,Investment Banking & Brokerage,6,
Goodyear Tire & Rubber,More Driven,25,Goodyear Tire & Rubber,Consumer Discretionary,Tires & Rubber,2,
Grainger (W.W.) Inc.,For the ones who get it done.,20,Grainger (W.W.) Inc.,Industrials,Industrial Machinery,7,
Gucci, Quality is remembered long after the price is forgotten,25,,Consumer Discretionary,,,
Haier, Inspired living,25,,Consumer Discretionary,,,
Halliburton Co.,Unleash the energy,10,Halliburton Co.,Energy,Oil & Gas Equipment & Services,3,
Hanesbrands Inc,Look who we’ve got our Hanes on now,25,Hanesbrands Inc,Consumer Discretionary,"Apparel, Accessories & Luxury Goods",8,
Harley-Davidson," american by birth, rebel by choice",25,Harley-Davidson,Consumer Discretionary,Motorcycle Manufacturers,8,
Harman Int’l Industries,Expect Brilliance,20,Harman Int’l Industries,Industrials,,2,
Harris Corporation,technology to connect inform and protect,20,Harris Corporation,Industrials,Communications Equipment,4,
Harrod's retailer, London ENTER A DIFFERENT WORLD,25,,Consumer Discretionary,,,
Hartford Financial Svc.Gp.,Always Thinking Ahead.,40,Hartford Financial Svc.Gp.,Financials,Property & Casualty Insurance,3,
Hasbro Inc.,Boy Oh Boy! It’s A Hasbro Toy!,25,Hasbro Inc.,Consumer Discretionary,Leisure Products,7,
HCA Holdings,"It’s you, it’s me, it’s all of us",35,HCA Holdings,Health Care,Health Care Facilities,8,
HCP Inc.,Strategy. Execution. Results.,60,HCP Inc.,Real Estate,Health Care REITs,3,
Head & Shoulders,You never get a second chance to make a first impression.,25,Head & Shoulders,Consumer Discretionary,,,
Heinz Baked Beans,Beanz Meanz Heinz.,30,Heinz Baked Beans,Consumer Staples,,,
Hellmann's,It wouldn't be home without Hellmann's.,30,Hellmann's,Consumer Staples,,,
Helmerich & Payne,Integrity. Respect.Teamwork. Creativity.,10,Helmerich & Payne,Energy,Oil & Gas Drilling,3,
Henry Schein,We will help you get there,35,Henry Schein,Health Care,Health Care Distributors,6,
Hess Corporation,Energy on the move,10,Hess Corporation,Energy,Integrated Oil & Gas,4,
Hewlett Packard Enterprise,Accelerating Next,45,Hewlett Packard Enterprise,Information Technology,"Technology Hardware, Storage & Peripherals",2,
Hitachi, Inspire the Next,25,,Consumer Discretionary,,,
Hologic,The Science of Sure,35,Hologic,Health Care,Health Care Equipment,4,
Home Depot,More Saving. More Doing.,25,Home Depot,Consumer Discretionary,Home Improvement Retail,4,
HOME DEPOT , You can do it. We can Help.,25,Home Depot,Consumer Discretionary,Home Improvement Retail,,
HONDA , The Power of Dreams,25,,Consumer Discretionary,,,
Honeywell Int’l Inc.,"If we say it, we’ll do it",20,Honeywell Int'l Inc.,Industrials,Industrial Conglomerates,7,
Hormel Foods Corp.,Life Better Served,30,Hormel Foods Corp.,Consumer Staples,Packaged Foods & Meats,3,
Host Hotels & Resorts,We bring the city to life,60,Host Hotels & Resorts,Real Estate,Hotel & Resort REITs,6,
HP Inc.,Keep reinventing.,45,HP Inc.,Information Technology,"Technology Hardware, Storage & Peripherals",2,
HSBC,The world's local bank.,40,HSBC,Financials,Regional Banks,,
Hughes Software, Think skywards,45,,Information Technology,,,
Humana Inc.,Guidance when you need it most.,35,Humana Inc.,Health Care,Managed Health Care,6,
Huntington Bancshares,A bank invested in people.,40,Huntington Bancshares,Financials,Regional Banks,5,
Hutch Cellular India,"Wherever you go, our network follows",50,,Telecommunication Services,,,
Hyundai, Drive your way,25,,Consumer Discretionary,,,
IBM , ON DEMAND,45,,Information Technology,,,
IBM ," "" I think, therefore IBM.""",45,,Information Technology,,,
Idea Cellular,An idea can change your life.,50,Idea Cellular,Telecommunication Services,,,
iFlex Solutions,Empowering Financial Institutions Globally.,40,iFlex Solutions,Financials,,,
Illinois Tool Works,When customers depend on us… We’re there.,20,Illinois Tool Works,Industrials,Industrial Machinery,7,
Illumina Inc,New thinking.,35,Illumina Inc,Health Care,Life Sciences Tools & Services,2,
Infosys ," "" Powered by Intellect, Driven by Values; Improve your odds with Infosys Predictability""",45,,Information Technology,,,
Ingersoll-Rand PLC,Inspiring progress,20,Ingersoll-Rand PLC,Industrials,Industrial Machinery,2,
Intel,Intel Inside,45,Intel Corp.,Information Technology,Semiconductors,3,
Intercontinental Exchange,Trade the world.,40,Intercontinental Exchange,Financials,Financial Exchanges & Data,3,
International Bus. Machines,Let’s build a smarter planet,45,International Business Machines,Information Technology,IT Consulting & Other Services,5,
International Paper,We Will Not Fail Our Customers!!,15,International Paper,Materials,Paper Packaging,6,
Interpublic Group,A global leader in modern marketing solutions,25,Interpublic Group,Consumer Discretionary,Advertising,7,
Intl Flavors & Fragrances,Engaging The Senses.,15,Intl Flavors & Fragrances,Materials,Specialty Chemicals,3,
Intuit Inc.,"Small Business, rejoice",45,Intuit Inc.,Information Technology,Internet Software & Services,3,
Intuitive Surgical Inc.,Improving patient outcomes,35,Intuitive Surgical Inc.,Health Care,Health Care Equipment,3,
Invesco Ltd.,Explore intentional investing with Invesco,40,Invesco Ltd.,Financials,Asset Management & Custody Banks,5,
IOCL , Bringing Energy to Life,10,,,,,
Iron Mountain Incorporated,The Leader in Records & Information Management,45,Iron Mountain Incorporated,Information Technology, ,7,
Isaly Dairy Company's Klondike bar,What would you do for a Klondike bar?,30,Isaly Dairy Company's Klondike bar,Consumer Staples,,,
Ivory Soap,Ivory Soap - 9944/100% Pure.,25,Ivory Soap,Consumer Discretionary,,,
J. B. Hunt Transport Services,The Transportation Logistics Company,20,J. B. Hunt Transport Services,Industrials,Trucking,4,
Jack FM,Playing what we want.,25,Jack FM,Consumer Discretionary,Broadcasting,,
Jacobs Engineering Group,People are our greatest asset,20,Jacobs Engineering Group,Industrials,Construction & Engineering,5,
Jell-O,There's always room for Jell-O.,30,Jell-O,Consumer Staples,,,
Jet Airways , The Joy of Flying,20,,Industrials,,,
Jobsahead.com, FILL IN YOUR AMBITION,25,,Consumer Discretionary,,,
Johnnie Walker, whiskey Keep Walking,30,,Consumer Staples,,,
Johnson & Johnson,Your Druggist is More Than a Merchant,35,Johnson & Johnson,Health Care,Health Care Equipment,7,
Johnson Controls,Ingenuity Welcome.,20,Johnson Controls International,Industrials,Building Products,2,
JPMorgan Chase & Co.,The right relationship is everything,40,JPMorgan Chase & Co.,Financials,Diversified Banks,5,
Juniper Networks,The New Network Is Here,45,Juniper Networks,Information Technology,Communications Equipment,5,
JVC , The Perfect Experience,25,,Consumer Discretionary,,,
Kansas City Southern,The shortest route from Kansas City to salt water.,20,Kansas City Southern,Industrials,Railroads,9,
Kay Jewelers,Every kiss begins with Kay,25,Kay Jewelers,Consumer Discretionary,,,
Kellogg Co.,See You at Breakfast,30,Kellogg Co.,Consumer Staples,Packaged Foods & Meats,4,
Kentucky Fried Chicken,Finger lickin’ good,25,KFC,Consumer Discretionary,Restaurants,,
KeyCorp,Achieve anything.,40,KeyCorp,Financials,Regional Banks,2,
KFC,We do chicken right!,25,KFC,Consumer Discretionary,Restaurants,,
Kimberly-Clark,It feels good to feel.,30,Kimberly-Clark,Consumer Staples,Household Products,5,
Kimco Realty,"Integrity, Creativity, Stability.",60,Kimco Realty,Real Estate,Retail REITs,3,
Kinder Morgan,A different kind of energy company,10,Kinder Morgan,Energy,Oil & Gas Storage & Transportation,6,
Kingfisher Airlines , Fly the good times,20,,Industrials,,,
Kit Kat,"Give me a break, Give me a kit Kat",30,Kit Kat,Consumer Staples, ,,
Kitchen Cabinet Kings,"Cabinets fit for royalty, but affordable for all!",25,Kitchen Cabinet Kings,Consumer Discretionary,,,
KLA-Tencor Corp.,Accelerating Yield,20,KLA-Tencor Corp.,Industrials,Semiconductor Equipment,2,
KMART , The stuff of life.,30,,Consumer Staples,,,
Kohl’s Corp.,“Expect Great Things”,25,Kohl's Corp.,Consumer Discretionary,General Merchandise Stores,3,
Kotak , Think Investments. Think Kotak.,40,,Financials,,,
Kraft Heinz Co,A little taste of heaven.,30,Kraft Heinz Co,Consumer Staples,Packaged Foods & Meats,5,
KROGER , Costs less to get more,30,Kroger Co.,Consumer Staples,Food Retail,4,
Kroger Co.,"Right Store, Right Price",30,Kroger Co.,Consumer Staples,Food Retail,4,
L Brands Inc.,Straight from the heartland,25,L Brands Inc.,Consumer Discretionary,Apparel Retail,4,
L’Oreal,Because you’re worth it,25,,Consumer Discretionary,,,
L-3 Communications Holdings,From Vision To Reality,20,L-3 Communications Holdings,Industrials,Aerospace & Defense,4,
Laboratory Corp. of America Holding,Innovation. Quality. Convenience.,35,Laboratory Corp. of America Holding,Health Care,Health Care Services,3,
Lam Research,Changing the value equation,45,Lam Research,Information Technology,Semiconductor Equipment,4,
LARSEN and TOUBRO , We make things which make India proud,20,,Industrials,,,
LEE , The jeans that built America,25,,Consumer Discretionary,,,
Legg Mason,Global Asset Management,40,Legg Mason,Financials,,3,
Leggett & Platt,Enhancing people’s lives for over 130 years.,20,Leggett & Platt,Industrials,Home Furnishings,7,
Lehman Brothers , Where Vision Gets Built,40,,Financials,,,
Lennar Corp.,Everything’s Included.,25,Lennar Corp.,Consumer Discretionary,Homebuilding,2,
Lenovo,We are building a new technology company.,45,Lenovo,Information Technology,,,
Leucadia National Corp.,Clients First-Always,40,Leucadia National Corp.,Financials,,2,
Level 3 Communications,Building a Better Future,50,Level 3 Communications,Telecommunication Services,,4,
LG,Life’s Good,25,,Consumer Discretionary,,,
Lilly (Eli) & Co.,Innovation is personal,35,Lilly (Eli) & Co.,Health Care,Pharmaceuticals,3,
Lincoln National,Hello Future,40,Lincoln National,Financials,Multi-line Insurance,2,
Linear Technology Corp.,Enabling an Intelligent Planet,20,Linear Technology Corp.,Industrials,,4,
Little Caesars,Pizza! Pizza!,25,Little Caesars,Consumer Discretionary,,,
Lockheed Martin Corp.,We Never Forget Who We Are Working For,20,Lockheed Martin Corp.,Industrials,Aerospace & Defense,8,
Loews Corp.,"EXPERIENCED, FORWARD, THINKING",40,Loews Corp.,Financials,Multi-line Insurance,3,
Lowe’s Cos.,Love Where You Live,25,Lowe's Cos.,Consumer Discretionary,Home Improvement Retail,4,
Lowe's,Improving home improvement.,25,Lowe's,Consumer Discretionary,,,
Lowe's,Let's build something together.,25,Lowe's,Consumer Discretionary,,,
Lowe's,Never stop improving.,25,Lowe's,Consumer Discretionary,,,
Lufthansa, There is no better way to fly,20,,Industrials,,,
LyondellBasell,Fuelling the power to within,15,LyondellBasell,Materials,Specialty Chemicals,5,
M&Ms,"Melts in your mouth, not in your hands.",30,M&Ms,Consumer Staples,,,
M&T Bank Corp.,Understanding what’s important,40,M&T Bank Corp.,Financials,Regional Banks,3,
Macerich,We create shopping experiences.,60,Macerich,Real Estate,Retail REITs,4,
Macy’s Inc.,Way to shop!,25,Macy's Inc.,Consumer Discretionary,Department Stores,3,
Malaysian Airlines , Going Beyond Expectations,20,,Industrials,,,
Mallinckrodt Plc,Our source. Your supply.,35,Mallinckrodt Plc,Health Care,,4,
Marathon Oil Corp.,Going further. Doing more.,10,Marathon Oil Corp.,Energy,Oil & Gas Exploration & Production,4,
Marathon Petroleum,Going further. Doing more.,10,Marathon Petroleum,Energy,Oil & Gas Refining & Marketing,4,
Marriott Int’l.,Live Like a Local,25,Marriott Int'l.,Consumer Discretionary,"Hotels, Resorts & Cruise Lines",4,
Marsh & McLennan,Get there faster,40,Marsh & McLennan,Financials,Insurance Brokers,3,
Martin Marietta Materials,It’s not just what we make. It’s what we make possible.,15,Martin Marietta Materials,Materials,Construction Materials,11,
MARUTI SUZUKI, Count on us,25,,Consumer Discretionary,,,
Masco Corp.,Building Supplies,20,Masco Corp.,Industrials,Building Products,2,
Master card , There are some things money can't buy. For everything else there'sÿMASTERCARD.,45,,Information Technology,,,
Mastercard Inc.,Heart of Commerce,45,Mastercard Inc.,Information Technology,Internet Software & Services,3,
Mattel Inc.,The World’s Mattel,25,Mattel Inc.,Consumer Discretionary,Leisure Products,3,
Max NewYork Life Insurance , Your Partner for life,40,,Financials,,,
Maxwell House coffee,Good to the last drop.,30,Maxwell House coffee,Consumer Staples,,,
Maybelline,Maybe she's born with it. Maybe it's Maybelline.,25,Maybelline,Consumer Discretionary,,,
McCormick & Co.,McCormick Brings Passion to Flavor™,30,McCormick & Co.,Consumer Staples,Packaged Foods & Meats,5,
McDonald’s Corp.,I’m Lovin’ It,25,McDonald's Corp.,Consumer Discretionary,Restaurants,3,
McDonald's,"Food, folks and fun.",25,McDonald's,Consumer Discretionary,Restaurants,,
McDonald's,Have you had your break today?,25,McDonald's,Consumer Discretionary,Restaurants,,
McDonald's,We love to see you smile.,25,McDonald's,Consumer Discretionary,Restaurants,,
McDonald's,You deserve a break today.,25,McDonald's,Consumer Discretionary,Restaurants,,
McDowells Signature , The New Sign of Success.,30,,Consumer Staples,,,
McKesson Corp.,Empowering Healthcare.,35,McKesson Corp.,Health Care,Health Care Distributors,2,
Medtronic plc,Alleviating Pain • Restoring Health • Extending Life,35,Medtronic plc,Health Care,Health Care Equipment,8,
Merck & Co.,Committed to making a difference.,35,Merck & Co.,Health Care,Pharmaceuticals,5,
MetLife Inc.,It’s at times like this that Metlife sets itself apart.,40,MetLife Inc.,Financials,Life & Health Insurance,10,
METRO , The spirit of Commerce,30,,Consumer Staples,,,
Metropolitan Life Insurance Company or Metlife. , Have You Met Life Today,40,,Financials,,,
Michael Kors Holdings,"A chic, luxurious, sexy fragrance for women.",25,Michael Kors Holdings,Consumer Discretionary,"Apparel, Accessories & Luxury Goods",7,
Microchip Technology,"anything that revolves, anything that moves",45,Microchip Technology,Information Technology,Semiconductors,6,
Micron Technology,Performance. Power. Reliability,45,Micron Technology,Information Technology,Semiconductors,3,
Microsoft Corp.,Your Potential. Our Passion.,45,Microsoft Corp.,Information Technology,Systems Software,4,
MITTAL STEEL , Shaping the future of steel,15,,Materials,,,
Mohawk Industries,It’s more than a floor.,25,Mohawk Industries,Consumer Discretionary,Home Furnishings,5,
Molson Coors Brewing Company,The Banquet Beer.,30,Molson Coors Brewing Company,Consumer Staples,Brewers,3,
Mondelez International,Make today delicious,30,Mondelez International,Consumer Staples,Packaged Foods & Meats,3,
Monster Beverage,Fuel Your Fire,30,Monster Beverage,Consumer Staples,Soft Drinks,3,
Monster.com , Never Settle,25,,Consumer Discretionary,,,
Moody’s Corp,"Small Business, Credit Index",40,Moody's Corp,Financials,Financial Exchanges & Data,4,
Morgan Stanley,World Wise.,40,Morgan Stanley,Financials,Investment Banking & Brokerage,2,
Motorola Solutions Inc.,Helping customers be their best in the moments that matter,20,Motorola Solutions Inc.,Industrials,Communications Equipment,10,
Mylan N.V.,Seeing is believing,35,Mylan N.V.,Health Care,Pharmaceuticals,3,
NASDAQ OMX Group,Trade up.,40,"Nasdaq, Inc.",Financials,Financial Exchanges & Data,2,
National Oilwell Varco Inc.,One Company Unlimited Solutions,10,National Oilwell Varco Inc.,Energy,Oil & Gas Equipment & Services,4,
NDTV Profit , News you can Use.,25,,Consumer Discretionary,,,
NetApp,“Go further faster”,45,NetApp,Information Technology,Internet Software & Services,3,
Netflix Inc.,It just might bring everyone together,25,Netflix Inc.,Consumer Discretionary,Internet Software & Services,6,
Newell Rubbermaid Co.,“Brands That Matter”,25,Newell Brands,Consumer Discretionary,Housewares & Specialties,3,
Newfield Exploration Co,Balance of Exploration and Acquisitions,10,Newfield Exploration Co,Energy,Oil & Gas Exploration & Production,5,
Newmont Mining Corp. (Hldg. Co.),The Gold Company.,15,Newmont Mining Corporation,Materials,Gold,3,
News Corp. Class A,Fair & Balanced.,25,News Corp. Class A,Consumer Discretionary,Publishing,3,
News Corp. Class B,Fair & Balanced.,25,News Corp. Class B,Consumer Discretionary,Publishing,3,
NextEra Energy,We Heard You,55,NextEra Energy,Utilities,Multi-Utilities,3,
Nielsen Holdings,"What People Watch, Listen To and Buy",25,Nielsen Holdings,Consumer Discretionary,Research & Consulting Services,7,
Nike,Just Do It,25,Nike,Consumer Discretionary,"Apparel, Accessories & Luxury Goods",3,
Nikon, At the heart of the Image,25,,Consumer Discretionary,,,
NiSource Inc.,"Premier Safety, Reliability and Service.",55,NiSource Inc.,Utilities,Multi-Utilities,5,
Noble Energy Inc,"Energizing the World, Bettering People’s Lives",10,Noble Energy Inc,Energy,Oil & Gas Exploration & Production,6,
Nokia, Connecting people,25,,Consumer Discretionary,,,
Nordstrom,Reinvent Yourself,25,Nordstrom,Consumer Discretionary,Department Stores,2,
Norfolk Southern Corp.,The Thoroughbred,20,Norfolk Southern Corp.,Industrials,Railroads,2,
Northern Trust Corp.,"You know your destination. You need a wise, caring advisor alongside you.",40,Northern Trust Corp.,Financials,Asset Management & Custody Banks,12,
Northrop Grumman Corp.,Defining the future.,20,Northrop Grumman Corp.,Industrials,Aerospace & Defense,3,
NRG Energy,We generate power.,55,NRG Energy,Utilities,Independent Power Producers & Energy Traders,3,
Nucor Corp.,It’s Our Nature,15,Nucor Corp.,Materials,Steel,3,
Nvidia Corporation,The Way It’s Meant to be Played,45,Nvidia Corporation,Information Technology,Semiconductors,7,
NYSE (New York Stock Exchange) , The world puts its stock in us,40,,Financials,,,
O’Reilly Automotive,Professional Part People,20,O'Reilly Automotive,Industrials,Specialty Stores,3,
OBC, Where every individual is committed,40,,Financials,,,
Occidental Petroleum,"Develop energy resources safely, profitably and responsibly.",10,Occidental Petroleum,Energy,Oil & Gas Exploration & Production,7,
Omnicom Group,The only we can.The media agencies.,25,Omnicom Group,Consumer Discretionary,Advertising,6,
ONEOK,The ONE in energy,10,ONEOK,Energy,Oil & Gas Storage & Transportation,4,
ONGC , Making Tomorrow Brighter,10,ONGC - Oil and Natural Gas Corporation Limited,Energy,,,
Onida, Neighbor's envy,25,,Consumer Discretionary,,,
Oracle Corp.,Oracle is THE information company,45,Oracle Corp.,Information Technology,Application Software,5,
PACCAR Inc.,The World’s Best,20,PACCAR Inc.,Industrials,Construction Machinery & Heavy Trucks,3,
Parker-Hannifin,Engineering YOUR success,20,Parker-Hannifin,Industrials,Industrial Machinery,3,
Paychex Inc.,Payroll. HR. Retirement. Insurance,45,Paychex Inc.,Information Technology,Internet Software & Services,4,
PayPal,The safer way to pay online,40,PayPal,Financials,Data Processing & Outsourced Services,6,
Pentair Ltd.,Pentair water.,20,Pentair plc,Industrials,Industrial Machinery,2,
People’s United Financial,Everything Starts With You,40,People's United Financial,Financials,Thrifts & Mortgage Finance,4,
PepsiCo Inc.,Pepsi. It’s the cola.,30,PepsiCo Inc.,Consumer Staples,Soft Drinks,4,
PerkinElmer,For the Better,35,PerkinElmer,Health Care,Health Care Equipment,3,
Perrigo,Quality Affordable Healthcare Products,35,Perrigo,Health Care,Pharmaceuticals,4,
Pfizer Inc.,Pfizer Quality.,35,Pfizer Inc.,Health Care,Pharmaceuticals,2,
PG&E Corp.,Climate Smart,55,PG&E Corp.,Utilities,Multi-Utilities,2,
Philip Morris International,Looks To The Future,25,Philip Morris International,Consumer Discretionary,Tobacco,4,
PHILLIPS , Sense and Simplicity,25,,Consumer Discretionary,,,
Phillips 66,Proud To Be Here,10,Phillips 66,Energy,Oil & Gas Refining & Marketing,4,
Pinnacle West Capital,"Creating a sustainable energy future 
for Arizona.",55,Pinnacle West Capital,Utilities,Multi-Utilities,5,
Pioneer Natural Resources,Creativity Beyond Imagination,10,Pioneer Natural Resources,Energy,Oil & Gas Exploration & Production,3,
PNC Financial Services,Leading the Way.,40,PNC Financial Services,Financials,Regional Banks,3,
Polo Ralph Lauren Corp.,World of Ralph Lauren,25,Polo Ralph Lauren Corp.,Consumer Discretionary,"Apparel, Accessories & Luxury Goods",4,
PPG Industries,We protect and beautify the world,15,PPG Industries,Materials,Specialty Chemicals,6,
PPL Corp.,We’ll Be There When The Light Goes On,55,PPL Corp.,Utilities,Electric Utilities,8,
Praxair Inc.,MAKING OUR PLANET MORE PRODUCTIVE,15,Praxair Inc.,Materials,Industrial Gases,5,
Principal Financial Group,We’ll Give You an Edge.,40,Principal Financial Group,Financials,Life & Health Insurance,5,
Procter & Gamble,"Touching lives, improving life",30,Procter & Gamble,Consumer Staples,Personal Products,4,
Progressive Corp.,"It’s about you, and it’s about time.",40,Progressive Corp.,Financials,Property & Casualty Insurance,7,
Prologis,The strategic partner for Global trade,60,Prologis,Real Estate,Industrial REITs,6,
Prudential Financial,Bring Your Challenges,40,Prudential Financial,Financials,Life & Health Insurance,3,
Prudential Insurance Company , Growing and Protecting your wealth,40,,Financials,,,
Public Serv. Enterprise Inc.,We make things work for you,55,Public Serv. Enterprise Inc.,Utilities,Electric Utilities,6,
Public Storage,Real storage expert.,60,Public Storage,Real Estate,Specialized REITs,3,
Pulte Homes Inc.,It’s our philosophy. It’s the way we do business,25,Pulte Homes Inc.,Consumer Discretionary,Homebuilding,9,
PVH Corp.,The Way Forward: Evolve Everyday,25,PVH Corp.,Consumer Discretionary,"Apparel, Accessories & Luxury Goods",5,
Qorvo,“All Around You”,45,Qorvo,Information Technology,Semiconductors,3,
QUALCOMM Inc.,Enabling the Wireless Industry,45,QUALCOMM Inc.,Information Technology,Semiconductors,4,
Quanta Services Inc.,Leadership in Performance and Safety,20,Quanta Services Inc.,Industrials,Construction & Engineering,5,
Quest Diagnostics,The patient comes first,35,Quest Diagnostics,Health Care,Health Care Services,4,
Raymond James Financial,llife well planned,40,,Financials,Investment Banking & Brokerage,,
Raytheon Co.,Customer Success is our mission,20,Raytheon Co.,Industrials,Aerospace & Defense,5,
Realty Income Corporation,The Monthly Dividend Company,60,Realty Income Corporation,Real Estate,Retail REITs,4,
Red Hat Inc.,We’re stronger together,45,Red Hat Inc.,Information Technology,Systems Software,3,
Regeneron,Science to medicine.,35,Regeneron,Health Care,Biotechnology,3,
Regions Financial Corp.,You can expect more stability.,40,Regions Financial Corp.,Financials,Regional Banks,5,
Reid and Taylor,Bond with the Best,25,,Consumer Discretionary,,,
Republic Services Inc,Think Green,20,Republic Services Inc,Industrials,Environmental & Facilities Services,2,
Robert Half International,Innovation and Excellence in consulting and staffing,20,Robert Half International,Industrials,Human Resource & Employment Services,7,
Rockwell Automation Inc.,Listen. Think. Solve.,20,Rockwell Automation Inc.,Industrials,Electrical Components & Equipment,3,
Rockwell Collins,Building trust everyday,20,Rockwell Collins,Industrials,Aerospace & Defense,3,
Roper Industries,Simple Ideas. Powerful Results.,20,Roper Technologies,Industrials,Industrial Conglomerates,4,
Ross Stores,Dress for Less.,25,Ross Stores,Consumer Discretionary,Apparel Retail,3,
Royal Caribbean Cruises Ltd,Get Out There,25,Royal Caribbean Cruises Ltd,Consumer Discretionary,"Hotels, Resorts & Cruise Lines",3,
Salesforce.com,Success on Demand,45,Salesforce.com,Information Technology,Internet Software & Services,3,
Samsonite,Life's a Journey,25,,Consumer Discretionary,,,
SAMSUNG ,imagine the amazing things we can buid,25,,Consumer Discretionary,,,
SANSUI ,Better than the Best,25,,Consumer Discretionary,,,
SCANA Corp,Power for Living,55,SCANA Corp,Utilities,Multi-Utilities,3,
Schlumberger Ltd.,Excellence in Execution,10,Schlumberger Ltd.,Energy,Oil & Gas Equipment & Services,3,
Seagate Technology,“We turn on ideas”,45,Seagate Technology,Information Technology,"Technology Hardware, Storage & Peripherals",4,
Sealed Air Corp.(New),Our Products protect your Products,15,Sealed Air,Materials,Paper Packaging,5,
Sempra Energy,For every day life,55,Sempra Energy,Utilities,Multi-Utilities,4,
Sherwin-Williams,Ask Sherwin-Williams,15,Sherwin-Williams,Materials,Specialty Chemicals,2,
Simon Property Group Inc,Self administered and self managed real estate investment trust,60,Simon Property Group Inc,Real Estate,Retail REITs,9,
Singapore Airlines, A GREAT WAY TO FLY,20,,Industrials,,,
Singapore Stock Exchange (SGX) , Tomorrow Market's Today.,40,,Financials,,,
SKODA , Obsessed with Quality since 1897.,25,,Consumer Discretionary,,,
Skyworks Solutions,Breakthrough Simplicity,45,Skyworks Solutions,Information Technology,Semiconductors,2,
SL Green Realty,Demanding Quality. Delivering Value.,60,SL Green Realty,Real Estate,Office REITs,4,
Snap-On Inc.,Being a Pro Matters,25,Snap-On Inc.,Consumer Discretionary,Household Appliances,4,
SONY ,BE MOVED,25,,Consumer Discretionary,,,
Southern Co.,Smart Energy. Smart Grid. Smart Choices.,55,Southern Co.,Utilities,Electric Utilities,6,
Southwest Airlines,Low fares. Nothing to hide. That's Transfarency,20,Southwest Airlines,Industrials,Airlines,4,
Spice Jet, Flying for everyone,20,,Industrials,,,
Standard Chartered Bank , Your Right Partner,40,,Financials,,,
Standard Insurance Company Limited. , Positively Different.,40,,Financials,,,
Stanley Black & Decker,Performance in Action,25,Stanley Black & Decker,Consumer Discretionary,Household Appliances,3,
Starbucks Corp.,Romancing the bean,25,Starbucks Corp.,Consumer Discretionary,Restaurants,3,
Starwood Hotels & Resorts,Who’s taking care of you,25,,Consumer Discretionary,,,
State Street Corp.,Passionate about our client’s success.,40,State Street Corp.,Financials,Asset Management & Custody Banks,5,
Stericycle Inc,Protecting People. Reducing Risk.,20,Stericycle Inc,Industrials,Environmental & Facilities Services,4,
Stryker Corp.,We make a difference,35,Stryker Corp.,Health Care,Health Care Equipment,4,
SunTrust Banks,Live Solid. Bank Solid. SunTrust.,40,SunTrust Banks,Financials,Regional Banks,5,
SUZLON ENERGY , Powering a Greener Tomorrow.,10,,Energy,,,
Symantec Corp.,Confidence in a connected world.,45,Symantec Corp.,Information Technology,Application Software,5,
Synchrony Financial,Engage With Us,40,Synchrony Financial,Financials,Consumer Finance,3,
Sysco Corp.,Good things come from Sysco,45,Sysco Corp.,Information Technology,Food Distributors,5,
T. Rowe Price Group,Invest With Confidence,40,T. Rowe Price Group,Financials,Asset Management & Custody Banks,3,
Target Corp.,Expect More. Pay Less.,25,Target Corp.,Consumer Discretionary,General Merchandise Stores,4,
Tata Indicom, Talk as you pay,50,,Telecommunication Services,,,
TATA MOTORS , Even More Car per Car,25,,Consumer Discretionary,,,
TE Connectivity Ltd.,Every Connection Counts,45,TE Connectivity Ltd.,Information Technology,Electronic Manufacturing Services,3,
TESCO , Every Little Helps,30,,Consumer Staples,,,
Texas Instruments,Technology for Innovators,45,Texas Instruments,Information Technology,Semiconductors,3,
Textron Inc.,Reaching new heights.,20,Textron Inc.,Industrials,Aerospace & Defense,3,
Thai Airways, SMOOTH AS SILK,20,,Industrials,,,
The Bank of New York Mellon Corp.,The Investments Company for the World,40,The Bank of New York Mellon Corp.,Financials,Asset Management & Custody Banks,6,
The Clorox Company,"We make everyday life better, every day",25, ,Consumer Discretionary, ,7,
The Coca Cola Company,Things go better with Coke.,30,Coca-Cola Company (The),Consumer Staples,Soft Drinks,5,
THE DAILY TELEGRAPH , Read a Bestseller everyday ,25,,Consumer Discretionary,,,
The Hershey Company,The Sweetest Taste on Earth,30,  ,Consumer Staples,Packaged Foods & Meats,5,
The Mosaic Company,Helping the World Grow the Food it Needs,15,The Mosaic Company,Materials,Fertilizers & Agricultural Chemicals,8,
The Walt Disney Company,I’m going to Disney World!,25,The Walt Disney Company,Consumer Discretionary,Cable & Satellite,5,
Thermo Fisher Scientific,The world leader in serving science,35,Thermo Fisher Scientific,Health Care,Health Care Equipment,6,
Tiffany & Co.,True love grows,25,Tiffany & Co.,Consumer Discretionary,"Apparel, Accessories & Luxury Goods",3,
TIMESJOBS.COM ," "" If you have a reason, we have the job """,25,,Consumer Discretionary,,,
TJX Companies Inc.,Get the max for the minimum.,25,TJX Companies Inc.,Consumer Discretionary,Apparel Retail,6,
Torchmark Corp.,For “middle income” Americans,40,Torchmark Corp.,Financials,Life & Health Insurance,4,
TOSHIBA , Choose Freedom,25,,Consumer Discretionary,,,
Total System Services,People-Centered Payments®,45,Total System Services,Information Technology,Internet Software & Services,2,
TOYOTA , Touch The Perfection,25,,Consumer Discretionary,,,
Tractor Supply Company,For Life Out Here,25,Tractor Supply Company,Consumer Discretionary,Specialty Stores,4,
TripAdvisor,Plan and book your perfect trip,25,TripAdvisor,Consumer Discretionary,Internet & Direct Marketing Retail,6,
Twenty-First Century Fox Class A,HOME ENTERTAINMENT,25,Twenty-First Century Fox Class A,Consumer Discretionary,Publishing,2,
Twenty-First Century Fox Class B,HOME ENTERTAINMENT,25,Twenty-First Century Fox Class B,Consumer Discretionary,Publishing,2,
Tyson Foods,Powered by Tyson.,30,Tyson Foods,Consumer Staples,Packaged Foods & Meats,3,
U.S. Bancorp,All of US serving you.,40,U.S. Bancorp,Financials,Diversified Banks,5,
UBS , You and Us,40,,Financials,,,
UDR Inc,Opening Doors To The Future,60,UDR Inc,Real Estate,Residential REITs,5,
Under Armour,Protect This House,25,Under Armour Class A,Consumer Discretionary,"Apparel, Accessories & Luxury Goods",3,
Union Bank of India , Good People to Bank with,40,,Financials,,,
Union Pacific,Building America.,20,Union Pacific,Industrials,Railroads,2,
United Continental Holdings,Let’s fly together,20,United Continental Holdings,Industrials,Airlines,3,
United Health Group Inc.,Helping People Live Healthier Lives.,35,United Health Group Inc.,Health Care,Managed Health Care,5,
United Parcel Service,We run the tightest ship in the shipping business.,20,United Parcel Service,Industrials,Air Freight & Logistics,9,
"United Rentals, Inc.",You’re building the future. We’re here to help.™,20,"United Rentals, Inc.",Industrials,Trading Companies & Distributors,8,
United Technologies,You can see everything from here,20,United Technologies,Industrials,Aerospace & Defense,6,
"Universal Health Services, Inc.",The Health Care you need. Close to Home.,35,"Universal Health Services, Inc.",Health Care,Health Care Facilities,8,
Unum Group,Better Benefits at Work.,40,Unum Group,Financials,Life & Health Insurance,4,
V.F. Corp.,We Fit Your Life,25,V.F. Corp.,Consumer Discretionary,"Apparel, Accessories & Luxury Goods",4,
Valero Energy,Investing in Excellence.,10,Valero Energy,Energy,Oil & Gas Refining & Marketing,3,
Varian Medical Systems,A partner for life,35,Varian Medical Systems,Health Care,Health Care Equipment,4,
Ventas Inc,"Reliable Capital, Delivering value",60,Ventas Inc,Real Estate,Health Care REITs,4,
Verisign Inc.,Powered by Verisign,45,Verisign Inc.,Information Technology,Internet Software & Services,3,
Verisk Analytics,Serve. Add Value. Innovate,20,Verisk Analytics,Industrials,Research & Consulting Services,4,
Verizon Communications,Rule the Air,50,Verizon Communications,Telecommunication Services,Integrated Telecommunication Services,3,
Vertex Pharmaceuticals Inc,The Science of Possibility,35,Vertex Pharmaceuticals Inc,Health Care,Biotechnology,4,
Viacom Inc.,I want My MTV,25,Viacom Inc.,Consumer Discretionary,Cable & Satellite,4,
Virginia Slim Cigarettes, YOU'VE COME A LONG WAY BABY,25,,Consumer Discretionary,,,
Visa Inc.,Go with Visa,45,Visa Inc.,Information Technology,Internet Software & Services,3,
VIZAG STEEL , Pride of Steel,15,,Materials,,,
VOLKSWAGEN, Think Small,25,,Consumer Discretionary,,,
VOLKSWAGEN , Drivers wanted,25,,Consumer Discretionary,,,
Vornado Realty Trust,Fully-integrated real estate investment trust,60,Vornado Realty Trust,Real Estate,Office REITs,5,
Vulcan Materials,Think Safety,15,Vulcan Materials,Materials,Construction Materials,2,
Walgreens Boots Alliance,The Pharmacy America trusts.,30,Walgreens Boots Alliance,Consumer Staples,Drug Retail,4,
WALMART , Always low prices. Always.,30,Walmart,Consumer Staples,Hypermarkets & Super Centers,,
Wal-Mart Stores,Save Money. Live Better.,30,Walmart,Consumer Staples,Hypermarkets & Super Centers,4,
Waste Management Inc.,Think green,20,Waste Management Inc.,Industrials,Environmental & Facilities Services,2,
Waters Corporation,The science of what’s possible,35,Waters Corporation,Health Care,Health Care Distributors,5,
Wells Fargo,Together we’ll go far.,40,Wells Fargo,Financials,Diversified Banks,4,
Welltower Inc.,Humane Capital Help Desk,60,Welltower Inc.,Real Estate,Health Care REITs,4,
Western Digital,Designed to protect your data.,45,Western Digital,Information Technology,"Technology Hardware, Storage & Peripherals",5,
Western Union Co,The fastest way to send money – worldwide,40,Western Union Co,Financials,Internet Software & Services,8,
Weyerhaeuser Corp.,Growing a truly great company.,60,Weyerhaeuser,Real Estate,Specialized REITs,5,
Whirlpool Corp.,"Work Globally, Act Locally",25,Whirlpool Corp.,Consumer Discretionary,Household Appliances,4,
Williams Cos.,We make energy happen.,10,Williams Cos.,Energy,Oil & Gas Storage & Transportation,4,
Willis Towers Watson,Family of Companies,40,Willis Towers Watson,Financials,Insurance Brokers,3,
WIPRO , Applying Thought,45,,Information Technology,,,
Wynn Resorts Ltd,Wynn Las Vegas,25,Wynn Resorts Ltd,Consumer Discretionary,Casinos & Gaming,3,
Xcel Energy Inc,Responsible by Nature,55,Xcel Energy Inc,Utilities,Multi-Utilities,3,
Xerox, THE DOCUMENT COMPANY,45,Xerox,Information Technology,"Technology Hardware, Storage & Peripherals",,
Xerox Corp.,Work can work better,45,Xerox,Information Technology,"Technology Hardware, Storage & Peripherals",4,
Xilinx Inc,All Programmable,45,Xilinx,Information Technology,Semiconductors,2,
XL Capital,Make Your World Go,40,XL Group,Financials,Property & Casualty Insurance,4,
Xylem Inc.,Let’s Solve Water,20,Xylem Inc.,Industrials,Industrial Machinery,3,
Yum! Brands Inc,Alone we’re delicious…together we’re Yum!,25,Yum! Brands Inc,Consumer Discretionary,Restaurants,5,
Zimmer Biomet Holdings,Personal fit. Renewed life,35,Zimmer Biomet Holdings,Health Care,Health Care Equipment,4,
Zions Bancorp,A collection of Great banks,40,Zions Bancorp,Financials,Regional Banks,5,
Zoetis,"For Animals, For Health. For You",35,Zoetis,Health Care,Pharmaceuticals,6,