COMPANY,SLOGAN,URL,GICS_Sector,SectorId,GICS_SubIndustry,WORDS,
3M Company,Science. Applied to life.,3M Company,Industrials,5,Industrial Conglomerates,4,
A&P,"At the A&P, we watch our P's and Q's.",A&P,Consumer Staples,2,,,2015
Abbott Laboratories,Life. To the fullest.,Abbott Laboratories,Health Care,6,Health Care Equipment,4,
AbbVie,People. Passion. Possibilities.,AbbVie Inc.,Health Care,6,Pharmaceuticals,3,
Accenture plc,High performance. Delivered.,Accenture plc,Information Technology,7,IT Consulting & Other Services,3,
Activision Blizzard,We make Great Games,Activision Blizzard,Information Technology,7,Home Entertainment Software,4,
Adobe Systems Inc,A new experience in user experience.,Adobe Systems Inc,Information Technology,7,Application Software,6,
ADT Corp,Always There.,Advanced Micro Devices Inc,Information Technology,7,Semiconductors,2,
Advance Auto Parts,We’re Ready in Advance.,Advance Auto Parts,Consumer Discretionary,1,Automotive Retail,4,
Advertisements,It pays to advertise!,Advertisements,Consumer Discretionary,1,,,
AES Corp,The Power of being Global,AES Corp,Utilities,11,Independent Power Producers & Energy Traders,5,
Aetna Inc,We want you to know.,Aetna Inc,Health Care,6,Managed Health Care,5,
Affiliated Managers Group Inc,A global asset under management,Affiliated Managers Group Inc,Financials,4,Asset Management & Custody Banks,5,
AFLAC Inc,Ask about it at work.,AFLAC Inc,Financials,4,Life & Health Insurance,5,
Agilent Technologies Inc,The world’s premier measurement company.,Agilent Technologies Inc,Health Care,6,Health Care Equipment,5,
AGL Resources Inc.,Providing Tomorrow’s Energy.,AGL Resources Inc.,Health Care,6,,3,
Air Products & Chemicals Inc,We are Air Products,Air Products & Chemicals Inc,Materials,8,Industrial Gases,4,
Airgas Inc,You’ll find it with us.,Airgas Inc,Information Technology,7,,5,
Akamai Technologies Inc,"In a faster forward world, innovation doesn’t wait for technology",Akamai Technologies Inc,Information Technology,7,Internet Software & Services,10,
Alcoa Inc,Inventing the future since 1888,Alcoa Inc,Materials,8,,5,
Alexion Pharmaceuticals,Transforming patients’ lives through innovation.,Alexion Pharmaceuticals,Health Care,6,Biotechnology,5,
Alka-Seltzer,Plop Plop Fizz Fizz. Oh what a relief it is.,Alka-Seltzer,Health Care,6,,,
Allegion,Pioneering safety around the world.,Allegion,Industrials,5,Building Products,5,
Allergan plc,"Our pursuit, Life’s potential",Allergan plc,Health Care,9,,4,
Alliance Data Systems,All for Good. Good for All.,Alliance Data Systems,Information Technology,7,Data Processing & Outsourced Services,6,
Allstate Corp,You’re in good hands.,Allstate Corp,Financials,4,Property & Casualty Insurance,4,
Alphabet Inc Class A,Don’t Be Evil.,Alphabet Inc Class A,Information Technology,7,Internet Software & Services,3,
Alphabet Inc Class C,Don’t Be Evil.,Alphabet Inc Class C,Information Technology,7,Internet Software & Services,3,
Altria Group Inc,We’re A Company Moving Forward,Altria Group Inc,Consumer Staples,2,Tobacco,5,
Amazon.com Inc,Work Hard. Have Fun. Make History.,Amazon.com Inc.,Consumer Discretionary,1,Internet & Direct Marketing Retail,6,
Ameren Corp,Focused Energy. For Life,Ameren Corp,Utilities,11,Multi-Utilities,4,
American Airlines Group,Going for great.,American Airlines Group,Industrials,5,Airlines,3,
American Electric Power,"AEP, America’s Energy Partner…",American Electric Power,Utilities,11,Electric Utilities,4,
American Express Co,Don’t Leave Home Without It,American Express Co,Financials,4,Consumer Finance,5,
"American International Group, Inc.",We know money.,"American International Group, Inc.",Financials,4,Property & Casualty Insurance,3,
American Tower Corp A,Where you want to be.,American Tower Corp A,Telecommunication Services,10,Specialized REITs,5,
American Water Works Company Inc,The Authoritative Resource on Safe Water,American Water Works Company Inc,Utilities,11,Water Utilities,6,
Ameriprise Financial,Be Brilliant,Ameriprise Financial,Financials,4,Asset Management & Custody Banks,2,
AmerisourceBergen Corp,Because It’s All Right Here.,AmerisourceBergen Corp,Health Care,6,Health Care Distributors,5,
Ametek,A Leading Global Manufacturer of Electronic Instruments and Electromechanical Devices,AMETEK Inc.,Industrials,5,Electrical Components & Equipment,10,
Amgen Inc,To Serve Patients.,Amgen Inc.,Health Care,6,Biotechnology,3,
Amphenol Corp A,Connecting tomorrow.,Amphenol Corp,Information Technology,7,Electronic Components,2,
Anadarko Petroleum Corp,Bringing Excellence to the Surface.,Anadarko Petroleum Corp,Energy,3,Oil & Gas Exploration & Production,5,
"Analog Devices, Inc.",World leader in high performance signalprocessing.,"Analog Devices, Inc.",Information Technology,7,Semiconductors,7,
Anthem Inc.,"Together, we are transforming health care with trusted and caring solutions", ,Health Care,6,Managed Health Care,11,
Aon plc,Insure your vision.,Aon plc,Financials,4,Insurance Brokers,3,
Apache Corporation,Energy to Grow,Apache Corporation,Energy,3,Oil & Gas Exploration & Production,3,
Apartment Investment & Mgmt,America Comes Home to Aimco,Apartment Investment & Management,Real Estate,9,Residential REITs,5,
Apple Computer,Everything is easier on a Mac,Apple Inc.,Information Technology,7,,,
Apple Inc.,Think Different.,Apple Inc.,Information Technology,7,"Technology Hardware, Storage & Peripherals",2,
Apple Inc.,"Once you go Mac, you'll never go back.",Apple Inc.,Information Technology,7,,,
Applied Materials Inc,Apply it.,Applied Materials Inc.,Information Technology,7,Semiconductor Equipment,2,
Arby's,I'm thinking Arby's.,Arby's,Consumer Discretionary,1,,,
Archer-Daniels-Midland Co,Resourceful by nature,Archer-Daniels-Midland Co,Consumer Staples,2,Agricultural Products,3,
Assurant Inc,Assurant. On your terms.,Assurant Inc.,Financials,4,Multi-line Insurance,4,
AT&T Inc,Your world. Delivered.,AT&T Inc.,Telecommunication Services,10,Integrated Telecommunication Services,3,
Australian Broadcasting Corporation,It's Your ABC.,Australian Broadcasting Corporation,Telecommunication Services,10,,,
Autodesk Inc,Design your world.,Autodesk Inc.,Information Technology,7,Application Software,3,
Automatic Data Processing,The Business behind business.,Automatic Data Processing,Information Technology,7,Internet Software & Services,4,
AutoNation Inc,Driven to be the best,AutoNation Inc,Information Technology,7,,5,
AutoZone Inc,Get in the Zone,AutoZone Inc,Consumer Discretionary,1,Specialty Stores,4,
Avago Technologies,"Your Imagination, Our innovation",Avago Technologies,Consumer Discretionary,1,,4,
"AvalonBay Communities, Inc.",Appreciating value,"AvalonBay Communities, Inc.",Real Estate,9,Residential REITs,2,
Avery Dennison Corp,"Inspired Brands, Intelligent World",Avery Dennison Corp,Materials,8,Paper Packaging,4,
Avis Rental Cars,We Try Harder,,Consumer Discretionary,1,,,
Baker Hughes Inc,"Enabling safe, affordable energy, improving people’s lives","Baker Hughes, a GE Company",Energy,3,Oil & Gas Equipment & Services,7,
Ball Corp,Products that reflect an innovation mindset.,Ball Corp,Materials,8,Metal & Glass Containers,6,
Bank of America Corp,Think what we can do for you,Bank of America Corp,Financials,4,Diversified Banks,7,
Bard (C.R.) Inc.,Advancing Lives and the Delivery of Health Care,Bard (C.R.) Inc.,Information Technology,7,,8,
Baxalta,"Your Life, Our Inspiration",Baxalta,Consumer Discretionary,1,,4,
Baxter International Inc.,Making a meaningful difference in patients’ lives,Baxter International Inc.,Health Care,6,Health Care Equipment,7,
BB&T Corporation,More than writing checks or making deposits…,BB&T Corporation,Financials,4,Regional Banks,7,
Becton Dickinson,Helping all people live healthy lives,Becton Dickinson,Health Care,6,Health Care Equipment,6,
Bed Bath & Beyond,Everything to Entertain,Bed Bath & Beyond,Materials,8,,3,
Berkshire Hathaway,The Customer Is Always Right!,Berkshire Hathaway,Financials,4,Multi-Sector Holdings,5,
Best Buy Co. Inc.,Expert Service. Unbeatable Price.,Best Buy Co. Inc.,Consumer Discretionary,1,Computer & Electronics Retail,4,
BIOGEN IDEC Inc.,Transforming discovery into care.,Biogen Inc.,Health Care,6,Biotechnology,4,
BlackRock,Opportunity favors the prepared mind,BlackRock,Financials,4,Asset Management & Custody Banks,5,
Block H&R,You got people.,Block H&R,Financials,4,Consumer Finance,3,
BMW,The ultimate driving machine,https://www.bmwgroup.com/en.html,Industrials,5,,,
Boeing Company,Forever New Frontiers,Boeing Company,Industrials,5,Aerospace & Defense,3,
BorgWarner,Feel good about driving,BorgWarner,Consumer Discretionary,1,Auto Parts & Equipment,4,
Bose Corporation,Better sound through research.,Bose Corporation,Cusomer Discretionary,1,,,
Boston Properties,Experienced leadership.,Boston Properties,Real Estate,9,Office REITs,2,
Boston Scientific,Delivering what’s next.,Boston Scientific,Health Care,6,Health Care Equipment,3,
Bristol-Myers Squibb,extending and enhancing human life,Bristol-Myers Squibb,Health Care,6,Health Care Distributors,5,
British Rail,We're getting there.,British Rail,Industrials,5,,,
Brown-Forman Corporation,We enrich the experience of life.,Brown-Forman Corp.,Consumer Staples,2,Distillers & Vintners,6,
Brylcreem,A little dab'll do ya!,Brylcreem,Consumer Staples,2,,,
Burger King,Aren't You Hungry for Burger King now?,Burger King,Consumer Discretionary,1,,,
Burger King,Have it your way.,Burger King,Consumer Discretionary,1,,,
Burger King,Home of the Whopper.,Burger King,Consumer Discretionary,1,,,
C. H. Robinson Worldwide,Get You There Faster.,C. H. Robinson Worldwide,Industrials,5,Air Freight & Logistics,4,
"CA, Inc.",Agility made possible,"CA, Inc.",Information Technology,7,Systems Software,3,
Cablevision Systems Corp.,Reach Out and Touch Someone.,Cablevision Systems Corp.,Telecommunication Services,10,,5,
Cabot Oil & Gas,"Clean Energy, Stronger Communities",Cabot Oil & Gas,Energy,3,Oil & Gas Exploration & Production,4,
Calvin Klein's Obsession,Between love and madness lies Obsession.,Calvin Klein's Obsession,Consumer Staples,2,,,
Camel cigarettes,I'd walk a mile for a Camel.,Camel cigarettes,Consumer Staples,2,,,
Cameron International Corp.,Raising Performance. Together.,Cameron International Corp.,Financials,4,,3,
Campbell Soup,It’s Amazing What Soup Can Do!,Campbell Soup,Consumer Staples,2,Packaged Foods & Meats,6,
Campbell's Soup,M'm! M'm! Good!,Campbell's Soup,Consumer Discretionary,1,,,
Capital One Financial,What’s in your wallet?,Capital One Financial,Financials,4,Consumer Finance,4,
Cardinal Health Inc.,Essential to care,Cardinal Health Inc.,Health Care,6,Health Care Distributors,3,
Caribou Coffee,Life is short. Stay awake for it!,Caribou Coffee,Consumer Discretionary,1,,,
Carl's Jr.,"If it doesn't get all over the place, it doesn't belong in your face.",Carl's Jr.,Consumer Discretionary,1,,,
Carlsberg,Probably the best lager in the world.,Carlsberg,Consumer Discretionary,1,,,
Carmax Inc,The Way Car Buying Should Be,Carmax Inc,Consumer Discretionary,1,Specialty Stores,6,
Carnival Corp.,Fun For All. All For Fun,Carnival Corp.,Consumer Discretionary,1,"Hotels, Resorts & Cruise Lines",6,
Cartoon Network,The Best Place for Cartoons.,Cartoon Network,Consumer Discretionary,1,,,
Caterpillar Inc.,Earthmoving solutions for today’s challenges.,Caterpillar Inc.,Industrials,5,Construction Machinery & Heavy Trucks,5,
CBRE Group,Local Real Estate. Worldwide,CBRE Group,Real Estate,9,Real Estate Services,4,
CBS,We've got the touch.,CBS,Consumer Discretionary,1,Broadcasting,,
CBS Corp.,Only CBS,CBS Corp.,Consumer Discretionary,1,Broadcasting,2,
Celgene Corp.,Committed to improving the lives of patients worldwide,Celgene Corp.,Health Care,6,Biotechnology,8,
Centene Corporation,Better health outcomes at lower costs,Centene Corporation,Health Care,6,Managed Health Care,6,
CenterPoint Energy,Always there.,CenterPoint Energy,Utilities,11,Multi-Utilities,2,
CenturyLink Inc,Stronger Connected,CenturyLink Inc,Telecommunication Services,10,Integrated Telecommunication Services,2,
Cerner,Anticipate Innovate Accelerate,Cerner,Health Care,6,Health Care Technology,3,
CF Industries Holdings Inc,Where chemistry grows,CF Industries Holdings Inc,Materials,8,Fertilizers & Agricultural Chemicals,3,
Charles Schwab Corporation,Helping investors help themselves,Charles Schwab Corporation,Financials,4,Investment Banking & Brokerage,4,
Charmin,Please don’t squeeze the Charmin,,Consumer Staples,2,Household Products,,
Chesapeake Energy,Natural Gas Wins the Day,Chesapeake Energy,Consumer Discretionary,1,,5,
Chevron Corp.,"Finding newer, cleaner ways to power the world.",Chevron Corp.,Energy,3,Integrated Oil & Gas,8,
Chick-fil-A,Eat Mor Chikin!,Chick-fil-A,Consumer Staples,2,,,
Chipotle Mexican Grill,Food with integrity,Chipotle Mexican Grill,Consumer Discretionary,1,Restaurants,3,
Chubb Limited,Chubb. Insured.,Chubb Limited,Financials,4,Property & Casualty Insurance,2,
Chuck E. Cheese's,Where a kid can be a kid.,Chuck E. Cheese's,Consumer Staples,2,,,
Church & Dwight,The Standard of Purity,Church & Dwight,Consumer Staples,2,Household Products,4,
CIGNA Corp.,A Business of Caring,CIGNA Corp.,Health Care,6,Managed Health Care,4,
Cimarex Energy,Stronger for Good Time and Bad,Cimarex Energy,Energy,3,Oil & Gas Exploration & Production,6,
Cincinnati Financial,Everything Insurance Should Be,Cincinnati Financial,Financials,4,Property & Casualty Insurance,4,
Cintas Corporation,Ready for the Workday,Cintas Corporation,Industrials,5,Diversified Support Services,4,
Cisco Systems,Welcome To The Human Network,Cisco Systems,Information Technology,7,Communications Equipment,5,
Citigroup Inc.,Your Citi never sleeps” and “Where money lives,Citigroup Inc.,Financials,4,Diversified Banks,8,
Citizens Financial Group,Good Banking Is Good Citizenship,  ,Financials,4,Regional Banks,5,
Citrix Systems,Simplicity is power,Citrix Systems,Financials,4,,3,
CME Group Inc.,How The World Advances,CME Group Inc.,Financials,4,Financial Exchanges & Data,4,
CMS Energy,Count on Us.,CMS Energy,Utilities,11,Multi-Utilities,3,
Coach Inc.,Give her Coach,Coach Inc.,Financials,4,,3,
Coca-Cola,Always Coca-Cola.,Coca-Cola,Consumer Staples,2,,,
Coca-Cola,Coca-Cola. Enjoy!,Coca-Cola,Consumer Staples,2,,,
Coca-Cola,Coke is it!,Coca-Cola,Consumer Staples,2,,,
Coca-Cola,Life tastes good.,Coca-Cola,Consumer Staples,2,,,
Coca-Cola,Make It Real.,Coca-Cola,Consumer Staples,2,,,
Coca-Cola,Open Happiness.,Coca-Cola,Consumer Staples,2,,,
Coca-Cola,Real.,Coca-Cola,Consumer Staples,2,,,
Coca-Cola,The Coke Side of Life.,Coca-Cola,Consumer Staples,2,,,
Coca-Cola,The pause that refreshes.,Coca-Cola,Consumer Staples,2,,,
Coca-Cola,The Real Thing,Coca-Cola,Consumer Staples,2,,,
Coca-Cola Enterprises,Things go better with Coke.,Coca-Cola,Consumer Staples,2, ,5,
Cognizant Technology Solutions,Keep Challenging,Cognizant Technology Solutions,Information Technology,7,IT Consulting & Other Services,2,
Colgate-Palmolive,“World of Care”,Colgate-Palmolive,Consumer Staples,2,Household Products,3,
Columbia Pipeline Group Inc,"Significant Scale, Unparalleled Footprint",Columbia Pipeline Group Inc,Information Technology,7,,4,
Comcast A Corp,Ready to work.,Comcast Corp.,Consumer Discretionary,1,Cable & Satellite,3,
Comerica Inc.,Committed to Business,Comerica Inc.,Financials,4,Diversified Banks,3,
ConAgra Foods Inc.,ConAgra. The right kind of food company,Conagra Brands,Consumer Staples,2,Packaged Foods & Meats,7,
Concho Resources,Great Place To Work,Concho Resources,Energy,3,Oil & Gas Exploration & Production,4,
ConocoPhillips,Energy for tomorrow.,ConocoPhillips,Energy,3,Oil & Gas Exploration & Production,3,
Consolidated Edison,"Energy, efficiency, expertise",Consolidated Edison,Utilities,11,Electric Utilities,3,
Constellation Brands,Tastes for life,Constellation Brands,Consumer Staples,2,Distillers & Vintners,3,
Corning Inc.,Discovering Beyond Imagination,Corning Inc.,Information Technology,7,Electronic Components,3,
Corona,Every bubble's passed its fizzical.,Corona,Consumer Staples,2,Packaged Foods & Meats,,
Costco Co.,Simplifying home and life,Costco Wholesale Corp.,Consumer Staples,2,Hypermarkets & Super Centers,4,
Council for Cable Information,"Cable. It's not just more choice, it's your choice.",Council for Cable Information,Consumer Discretionary,1,Cable & Satellite,,
Count Chocula,I vant to eat your cereal!,Count Chocula,Consumer Staples,2,,,
Cow's milk (for the California Milk Processor Board),Got Milk?,Cow's milk (for the California Milk Processor Board),Consumer Staples,2,,,
Cremo cigars by American Tobacco,There is no spit in Cremo!,Cremo cigars by American Tobacco,Consumer Staples,2,food beverage and tobacco,,
Crown Castle International Corp.,Providing Wireless Infrastructure in Prime Locations,Crown Castle International Corp.,Real Estate,9,Specialized REITs,6,
CSRA Inc.,Enduring Values. Inspired Performance.,CSRA Inc.,Energy,3,,4,
CSX Corp.,How tomorrow moves.,CSX Corp.,Industrials,5,Railroads,3,
Cummins Inc.,Making people’s lives better by unleashing the power of Cummins.,Cummins Inc.,Industrials,5,Industrial Machinery,10,
CVS Caremark Corp.,Health is everything,CVS Health,Health Care,6,Drug Retail,3,
D. R. Horton,America’s Builder,D. R. Horton,Consumer Discretionary,1,Homebuilding,2,
Danaher Corp.,Invent.,Danaher Corp.,Health Care,6,Health Care Equipment,1,
Darden Restaurants,To nourish and delight everyone we serve,Darden Restaurants,Consumer Discretionary,1,Restaurants,7,
DaVita Inc.,Bringing quality to life,DaVita Inc.,Health Care,6,Health Care Facilities,4,
DeBeers,A diamond is forever.,DeBeers,Consumer Staples,2,,,
Deere & Co.,Nothing runs like a Deere.,Deere & Co.,Industrials,5,Agricultural & Farm Machinery,5,
Dell Computer,Easy as Dell,,Information Technology,7,,,
Delphi Automotive,Partner of Choice.,Delphi Automotive,Industrials,5,,3,
Delta Air Lines,Keep Climbing.,Delta Air Lines Inc.,Industrials,5,Airlines,2,
Dentsply Sirona,For better dentistry.,Dentsply Sirona,Health Care,6,Health Care Supplies,3,
Devon Energy Corp.,Commitment runs deep.,Devon Energy Corp.,Energy,3,Oil & Gas Exploration & Production,3,
DHL,We keep your promises.,DHL,Consumer Discretionary,1,,,
Diamond Offshore Drilling,Hooked On Safety,Diamond Offshore Drilling,Health Care,6,,3,
Discover Financial Services,There’s always something more to Discover,Discover Financial Services,Financials,4,Consumer Finance,6,
Discovery Communications-A,"Let’s All Discover, Why No Myth Is Safe",Discovery Inc. Class A,Consumer Discretionary,1,Cable & Satellite,8,
Discovery Communications-C,"Let’s All Discover, Why No Myth Is Safe",Discovery Inc. Class C,Consumer Discretionary,1,Cable & Satellite,8,
Dollar General,"Save Time, Save Money, Everyday.",Dollar General,Consumer Discretionary,1,General Merchandise Stores,5,
Dollar Tree,Everything’s $1,Dollar Tree,Consumer Discretionary,1,General Merchandise Stores,2,
Dominion Resources,What we do everyday Powers you everyday,Dominion Energy,Utilities,11,Electric Utilities,7,
Domino's Pizza,"Get the door, it's Domino's!",Domino's Pizza,Consumer Staples,2,,,
Domino's Pizza,You got 30 minutes.,Domino's Pizza,Consumer Staples,2,,,
Dover Corp.,Taste the difference,Dover Corp.,Industrials,5,Industrial Machinery,3,
Dow Chemical,Living. Improved Daily.,DowDuPont,Materials,8,Diversified Chemicals,3,
Dr Pepper Snapple Group,We do things with flavor,Dr Pepper Snapple Group,Consumer Discretionary,1,,5,
DTE Energy Co.,For all the energy you’ll ever need.,DTE Energy Co.,Utilities,11,Multi-Utilities,7,
Du Pont (E.I.),The Miracles of Science,Du Pont (E.I.),Consumer Discretionary,1,,4,
Duke Energy,Powering and empowering our communities,Duke Energy,Utilities,11,Electric Utilities,5,
Dun & Bradstreet,committed to your success.,Dun & Bradstreet,Consumer Discretionary,1,,4,
Duracell,You can't top the copper top.,Duracell,Consumer Discretionary,1,,,
E*Trade,Get high rates without the risks.,E*Trade,Financials,4,Investment Banking & Brokerage,6,
Eastman Chemical,Where Chemistry and Innovation come together.,Eastman Chemical,Materials,8,Diversified Chemicals,6,
Eaton Corporation,Powering Business Worldwide,Eaton Corporation,Industrials,5,Electrical Components & Equipment,3,
eBay,The World’s Online Market Place,,Consumer Discretionary,1,,,
eBay Inc.,"“Buy it, sell it, love it”",eBay Inc.,Information Technology,7,Internet Software & Services,6,
Ecolab Inc.,The Global Leader in Commercial and Sanitizing Solutions,Ecolab Inc.,Materials,8,Specialty Chemicals,8,
Edison Int’l,Leading the way in electricity.,Edison Int'l,Utilities,11,Electric Utilities,5,
Edwards Lifesciences,Global Leader in the Science of Heart Valves and Hemodynamic Monitoring,Edwards Lifesciences,Health Care,6,Health Care Equipment,11,
Electronic Arts,If it’s in the game. It’s in the game.,Electronic Arts,Information Technology,7,Home Entertainment Software,9,
EMC Corp.,Where information lives.,EMC Corp.,Materials,8,,3,
Emerson Electric Company,Consider it solved.,Emerson Electric Company,Industrials,5,Electrical Components & Equipment,3,
Endo International,Serving for the health of the people,Endo International,Information Technology,7,,7,
Energizer,Do you have the bunny inside?,Energizer,Consumer Discretionary,1,,,
Energizer Batteries,He Keeps Going and Going and …,,Consumer Discretionary,1,,,
Entergy Corp.,The Power of People.,Entergy Corp.,Utilities,11,Electric Utilities,4,
EOG Resources,"When you think energy, think EOG",EOG Resources,Energy,3,Oil & Gas Exploration & Production,6,
EQT Corporation,Where energy means innovation,EQT Corporation,Energy,3,Oil & Gas Exploration & Production,4,
Equifax Inc.,Inform. Enrich. Empower.,Equifax Inc.,Industrials,5,Research & Consulting Services,3,
Equinix,Where Opportunity Connects,Equinix,Information Technology,9,Specialized REITs,3,
Equity Residential,A place people are proud to call home,Equity Residential,Real Estate,9,Residential REITs,8,
Essex Property Trust Inc,Every Story is Unique. Every Home is Different.,"Essex Property Trust, Inc.",Real Estate,9,Residential REITs,8,
Esso/Exxon,Put a tiger in your tank.,Esso/Exxon,Energy,3,Oil & Gas Exploration & Production,,
Estee Lauder Cos.,Bringing the best to everyone we touch.,Estee Lauder Cos.,Consumer Staples,2,Personal Products,7,
Eversource Energy,"Take only pictures, leave only footprints",Eversource Energy,Utilities,11,Multi-Utilities,6,
Exelon Corp.,Sustainable Advantage,Exelon Corp.,Utilities,11,Multi-Utilities,2,
Expedia Inc.,Where you book matters,Expedia Inc.,Consumer Discretionary,1,Internet & Direct Marketing Retail,4,
Expeditors Int’l,You’d be surprised how far we’ll go for you.,Expeditors International,Industrials,5,Air Freight & Logistics,9,
Express Scripts,Serving the prescription needs of more than 50 million Americans.,Express Scripts,Health Care,6,Health Care Distributors,10,
Extra Space Storage,Real storage expert,Extra Space Storage,Real Estate,9,Specialized REITs,3,
Exxon Mobil Corp.,Taking on the world’s toughest energy challenges.,Exxon Mobil Corp.,Energy,3,Integrated Oil & Gas,7,
F5 Networks,IT agility. Your way.,F5 Networks,Information Technology,7,Communications Equipment,4,
Facebook,Be Connected. Be Discovered. Be on Facebook.,"Facebook, Inc.",Information Technology,7,Internet Software & Services,7,
Farmers Insurance Group,Gets you back where you belong.,Farmers Insurance Group,Financials,4,Property & Casualty Insurance,,
Fastenal Co,Growth through customer service,Fastenal Co,Industrials,5,Building Products,4,
Federal Express,"When it absolutely, positively, has to be there overnight.",Federal Express,Consumer Discretionary,1,,,
Federal Realty Investment Trust,We make home possible,Federal Realty Investment Trust,Real Estate,9,Retail REITs,4,
FedEx Corporation,"Relax, it’s FedEx; The world on time",FedEx Corporation,Industrials,5,Air Freight & Logistics,7,
Fidelity National Information Services,160 years of Experience,Fidelity National Information Services,Information Technology,7,Internet Software & Services,4,
Fifth Third Bancorp,The things we do for dreams.,Fifth Third Bancorp,Financials,4,Regional Banks,6,
First Solar Inc,Lowering The Cost of Solar Electricity,First Solar Inc,Energy,3,,6,
FirstEnergy Corp,Our energy is working for you.,FirstEnergy Corp,Utilities,11,Electric Utilities,6,
Fiserv Inc,Source. Capture. Optimization.,Fiserv Inc,Information Technology,7,Internet Software & Services,3,
FLIR Systems,The world’s sixth sense.,FLIR Systems,Information Technology,7,Electronic Equipment & Instruments,4,
Flowserve Corporation,Experience in motion.,Flowserve Corporation,Industrials,5,Industrial Machinery,3,
Fluor Corp.,How the world is built.,Fluor Corp.,Industrials,5,Construction & Engineering,5,
FMC Corporation,We put you first. And keep you ahead.,FMC Corporation,Materials,8,Fertilizers & Agricultural Chemicals,8,
FMC Technologies Inc.,We keep you first. And keep you ahead.,FMC Technologies Inc.,Financials,4,,8,
Folgers,The best part of waking up is Folgers in your cup!,Folgers,Consumer Staples,2,,,
Ford Motor,Built for the road ahead.,Ford Motor,Consumer Discretionary,1,Automobile Manufacturers,5,
Franklin Resources,Gain from our perspective,Franklin Resources,Financials,4,Asset Management & Custody Banks,4,
Freeport-McMoran Cp & Gld,Connecting the Future,Freeport-McMoRan Inc.,Materials,8,Copper,3,
Frontier Communications,“Welcome to the New Frontier.”,Frontier Communications,Information Technology,7,,5,
GameStop Corp.,Power to the Players,GameStop Corp.,Industrials,5,,4,
Gap (The),“For every generation there’s a Gap.”,Gap Inc.,Consumer Discretionary,1,Apparel Retail,6,
Garmin Ltd.,We’ll Take You There,Garmin Ltd.,Consumer Discretionary,1,Consumer Electronics,4,
GEICO,So easy a caveman can do it.,GEICO,Financials,4,Property & Casualty Insurance,,
General Dynamics,Strength on your side,General Dynamics,Industrials,5,Aerospace & Defense,4,
General Electric,We bring good things to life.,General Electric,Industrials,5,Industrial Conglomerates,6,
General Electric,Imagination at Work.,General Electric,Industrials,5,Industrial Conglomerates,,
General Growth Properties Inc.,"Fully integrated, self managed and self administered REIT",General Growth Properties Inc.,Real Estate,9,Retail REITs,8,
General Mills,Nourishing Lives.,General Mills,Consumer Staples,2,Packaged Foods & Meats,2,
General Motors,People in motion.,General Motors,Consumer Discretionary,1,Automobile Manufacturers,3,
Genuine Parts,Get the good stuff.,Genuine Parts,Consumer Discretionary,1,Specialty Stores,4,
Gilead Sciences,Advancing therapeutics. Improving lives.,Gilead Sciences,Health Care,6,Biotechnology,4,
GlaxoSmithKline,"Do more, feel better, live longer.",GlaxoSmithKline,Health Care,6,,,
Goldfish,The snack that smiles back.,Goldfish,Consumer Staples,2,,,
Goldman Sachs Group,Our client’s intrests always come first.,Goldman Sachs Group,Financials,4,Investment Banking & Brokerage,6,
Goodyear Tire & Rubber,More Driven,Goodyear Tire & Rubber,Consumer Discretionary,1,Tires & Rubber,2,
Grainger (W.W.) Inc.,For the ones who get it done.,Grainger (W.W.) Inc.,Industrials,5,Industrial Machinery,7,
Halliburton Co.,Unleash the energy,Halliburton Co.,Energy,3,Oil & Gas Equipment & Services,3,
Hanesbrands Inc,Look who we’ve got our Hanes on now,Hanesbrands Inc,Consumer Discretionary,1,"Apparel, Accessories & Luxury Goods",8,
Harley-Davidson,Define your world in a whole new way.,Harley-Davidson,Consumer Discretionary,1,Motorcycle Manufacturers,8,
Harman Int’l Industries,Expect Brilliance,Harman Int’l Industries,Consumer Discretionary,1,,2,
Harris Corporation,Assured communications. Anywhere. Anytime,Harris Corporation,Information Technology,7,Communications Equipment,4,
Hartford Financial Svc.Gp.,Always Thinking Ahead.,Hartford Financial Svc.Gp.,Financials,4,Property & Casualty Insurance,3,
Hasbro Inc.,Boy Oh Boy! It’s A Hasbro Toy!,Hasbro Inc.,Consumer Discretionary,1,Leisure Products,7,
HCA Holdings,"It’s you, it’s me, it’s all of us",HCA Holdings,Health Care,6,Health Care Facilities,8,
HCP Inc.,Strategy. Execution. Results.,HCP Inc.,Real Estate,9,Health Care REITs,3,
Head & Shoulders,You never get a second chance to make a first impression.,Head & Shoulders,Consumer Discretionary,1,,,
Heinz Baked Beans,Beanz Meanz Heinz.,Heinz Baked Beans,Consumer Staples,2,,,
Hellmann's,It wouldn't be home without Hellmann's.,Hellmann's,Consumer Staples,2,,,
Helmerich & Payne,Integrity. Respect.Teamwork. Creativity.,Helmerich & Payne,Energy,3,Oil & Gas Drilling,3,
Henry Schein,We will help you get there,Henry Schein,Health Care,6,Health Care Distributors,6,
Hess Corporation,Energy on the move,Hess Corporation,Energy,3,Integrated Oil & Gas,4,
Hewlett Packard Enterprise,Accelerating Next,Hewlett Packard Enterprise,Information Technology,7,"Technology Hardware, Storage & Peripherals",2,
Hologic,The Science of Sure,Hologic,Health Care,6,Health Care Equipment,4,
Home Depot,More Saving. More Doing.,Home Depot,Consumer Discretionary,1,Home Improvement Retail,4,
Honeywell Int’l Inc.,"If we say it, we’ll do it",Honeywell Int'l Inc.,Industrials,5,Industrial Conglomerates,7,
Hormel Foods Corp.,Life Better Served,Hormel Foods Corp.,Consumer Staples,2,Packaged Foods & Meats,3,
Host Hotels & Resorts,We bring the city to life,Host Hotels & Resorts,Real Estate,9,Hotel & Resort REITs,6,
HP Inc.,Keep reinventing.,HP Inc.,Information Technology,7,"Technology Hardware, Storage & Peripherals",2,
HSBC,The world's local bank.,HSBC,Financials,4,Regional Banks,,
Humana Inc.,Guidance when you need it most.,Humana Inc.,Health Care,6,Managed Health Care,6,
Huntington Bancshares,A bank invested in people.,Huntington Bancshares,Financials,4,Regional Banks,5,
Hutch Cellular India,"Wherever you go, our network follows",,Telecommunication Services,10,,,
Idea Cellular,An idea can change your life.,Idea Cellular,Telecommunication Services,10,,,
iFlex Solutions,Empowering Financial Institutions Globally.,iFlex Solutions,Financials,4,,,
Illinois Tool Works,When customers depend on us… We’re there.,Illinois Tool Works,Industrials,5,Industrial Machinery,7,
Illumina Inc,New thinking.,Illumina Inc,Health Care,6,Life Sciences Tools & Services,2,
Ingersoll-Rand PLC,Inspiring progress,Ingersoll-Rand PLC,Industrials,5,Industrial Machinery,2,
Intel,Intel Inside,Intel Corp.,Information Technology,7,Semiconductors,3,
Intercontinental Exchange,Trade the world.,Intercontinental Exchange,Financials,4,Financial Exchanges & Data,3,
International Bus. Machines,Let’s build a smarter planet,International Business Machines,Information Technology,7,IT Consulting & Other Services,5,
International Paper,We Will Not Fail Our Customers!!,International Paper,Materials,8,Paper Packaging,6,
Interpublic Group,A global leader in modern marketing solutions,Interpublic Group,Consumer Discretionary,1,Advertising,7,
Intl Flavors & Fragrances,Engaging The Senses.,Intl Flavors & Fragrances,Materials,8,Specialty Chemicals,3,
Intuit Inc.,"Small Business, rejoice",Intuit Inc.,Information Technology,7,Internet Software & Services,3,
Intuitive Surgical Inc.,Improving patient outcomes,Intuitive Surgical Inc.,Health Care,6,Health Care Equipment,3,
Invesco Ltd.,Explore intentional investing with Invesco,Invesco Ltd.,Financials,4,Asset Management & Custody Banks,5,
Iron Mountain Incorporated,The Leader in Records & Information Management,Iron Mountain Incorporated,Information Technology,9,Specialized REITs,7,
Isaly Dairy Company's Klondike bar,What would you do for a Klondike bar?,Isaly Dairy Company's Klondike bar,Consumer Staples,2,,,
Ivory Soap,Ivory Soap - 9944/100% Pure.,Ivory Soap,Consumer Discretionary,1,,,
J. B. Hunt Transport Services,The Transportation Logistics Company,J. B. Hunt Transport Services,Industrials,5,Trucking,4,
Jack FM,Playing what we want.,Jack FM,Consumer Discretionary,1,Broadcasting,,
Jacobs Engineering Group,People are our greatest asset,Jacobs Engineering Group,Industrials,5,Construction & Engineering,5,
Jell-O,There's always room for Jell-O.,Jell-O,Consumer Staples,2,,,
Johnson & Johnson,Your Druggist is More Than a Merchant,Johnson & Johnson,Health Care,6,Health Care Equipment,7,
Johnson Controls,Ingenuity Welcome.,Johnson Controls International,Industrials,5,Building Products,2,
JPMorgan Chase & Co.,The right relationship is everything,JPMorgan Chase & Co.,Financials,4,Diversified Banks,5,
Juniper Networks,The New Network Is Here,Juniper Networks,Information Technology,7,Communications Equipment,5,
Kansas City Southern,The shortest route from Kansas City to salt water.,Kansas City Southern,Industrials,5,Railroads,9,
Kay Jewelers,Every kiss begins with Kay,Kay Jewelers,Consumer Staples,2,,,
Kellogg Co.,See You at Breakfast,Kellogg Co.,Consumer Staples,2,Packaged Foods & Meats,4,
Kentucky Fried Chicken,Finger lickin’ good,KFC,Consumer Discretionary,1,Restaurants,,
KeyCorp,Achieve anything.,KeyCorp,Financials,4,Regional Banks,2,
KFC,We do chicken right!,KFC,Consumer Discretionary,1,Restaurants,,
Kimberly-Clark,It feels good to feel.,Kimberly-Clark,Consumer Staples,2,Household Products,5,
Kimco Realty,"Integrity, Creativity, Stability.",Kimco Realty,Real Estate,9,Retail REITs,3,
Kinder Morgan,A different kind of energy company,Kinder Morgan,Energy,3,Oil & Gas Storage & Transportation,6,
Kit Kat,"Give me a break, Give me a kit Kat",Kit Kat,Consumer Discretionary,1, ,,
Kitchen Cabinet Kings,"Cabinets fit for royalty, but affordable for all!",Kitchen Cabinet Kings,Consumer Discretionary,1,,,
KLA-Tencor Corp.,Accelerating Yield,KLA-Tencor Corp.,Information Technology,7,Semiconductor Equipment,2,
Kohl’s Corp.,“Expect Great Things”,Kohl's Corp.,Consumer Discretionary,1,General Merchandise Stores,3,
Kraft Heinz Co,A little taste of heaven.,Kraft Heinz Co,Consumer Staples,2,Packaged Foods & Meats,5,
Kroger Co.,"Right Store, Right Price",Kroger Co.,Consumer Staples,2,Food Retail,4,
L Brands Inc.,Straight from the heartland,L Brands Inc.,Consumer Discretionary,1,Apparel Retail,4,
L’Oreal,Because you’re worth it,,Consumer Discretionary,1,,,
L-3 Communications Holdings,From Vision To Reality,L-3 Communications Holdings,Industrials,5,Aerospace & Defense,4,
Laboratory Corp. of America Holding,Innovation. Quality. Convenience.,Laboratory Corp. of America Holding,Health Care,6,Health Care Services,3,
Lam Research,Changing the value equation,Lam Research,Information Technology,7,Semiconductor Equipment,4,
Legg Mason,Global Asset Management,Legg Mason,Financials,4,,3,
Leggett & Platt,Enhancing people’s lives for over 130 years.,Leggett & Platt,Consumer Discretionary,1,Home Furnishings,7,
Lennar Corp.,Everything’s Included.,Lennar Corp.,Consumer Discretionary,1,Homebuilding,2,
Lenovo,We are building a new technology company.,Lenovo,Information Technology,7,,,
Leucadia National Corp.,Clients First-Always,Leucadia National Corp.,Industrials,5,,2,
Level 3 Communications,Building a Better Future,Level 3 Communications,Telecommunication Services,10,,4,
LG,Life’s Good,,Consumer Discretionary,1,,,
Lilly (Eli) & Co.,Innovation is personal,Lilly (Eli) & Co.,Health Care,6,Pharmaceuticals,3,
Lincoln National,Hello Future,Lincoln National,Financials,4,Multi-line Insurance,2,
Linear Technology Corp.,Enabling an Intelligent Planet,Linear Technology Corp.,Industrials,5,,4,
Little Caesars,Pizza! Pizza!,Little Caesars,Consumer Discretionary,1,,,
Lockheed Martin Corp.,We Never Forget Who We Are Working For,Lockheed Martin Corp.,Industrials,5,Aerospace & Defense,8,
Loews Corp.,"EXPERIENCED, FORWARD, THINKING",Loews Corp.,Financials,4,Multi-line Insurance,3,
Lowe’s Cos.,Love Where You Live,Lowe's Cos.,Consumer Discretionary,1,Home Improvement Retail,4,
Lowe's,Improving home improvement.,Lowe's,Consumer Discretionary,1,,,
Lowe's,Let's build something together.,Lowe's,Consumer Discretionary,1,,,
Lowe's,Never stop improving.,Lowe's,Consumer Discretionary,1,,,
LyondellBasell,Fuelling the power to within,LyondellBasell,Materials,8,Specialty Chemicals,5,
M&Ms,"Melts in your mouth, not in your hands.",M&Ms,Consumer Staples,2,,,
M&T Bank Corp.,Understanding what’s important,M&T Bank Corp.,Financials,4,Regional Banks,3,
Macerich,We create shopping experiences.,Macerich,Real Estate,9,Retail REITs,4,
Macy’s Inc.,Way to shop!,Macy's Inc.,Consumer Discretionary,1,Department Stores,3,
Mallinckrodt Plc,Our source. Your supply.,Mallinckrodt Plc,Consumer Staples,2,,4,
Marathon Oil Corp.,Going further. Doing more.,Marathon Oil Corp.,Energy,3,Oil & Gas Exploration & Production,4,
Marathon Petroleum,Going further. Doing more.,Marathon Petroleum,Energy,3,Oil & Gas Refining & Marketing,4,
Marriott Int’l.,Live Like a Local,Marriott Int'l.,Consumer Discretionary,1,"Hotels, Resorts & Cruise Lines",4,
Marsh & McLennan,Get there faster,Marsh & McLennan,Financials,4,Insurance Brokers,3,
Martin Marietta Materials,It’s not just what we make. It’s what we make possible.,Martin Marietta Materials,Materials,8,Construction Materials,11,
Masco Corp.,Building Supplies,Masco Corp.,Industrials,5,Building Products,2,
Mastercard Inc.,Heart of Commerce,Mastercard Inc.,Information Technology,7,Internet Software & Services,3,
Mattel Inc.,The World’s Mattel,Mattel Inc.,Consumer Discretionary,1,Leisure Products,3,
Maxwell House coffee,Good to the last drop.,Maxwell House coffee,Consumer Staples,2,,,
Maybelline,Maybe she's born with it. Maybe it's Maybelline.,Maybelline,Consumer Discretionary,1,,,
McCormick & Co.,McCormick Brings Passion to Flavor™,McCormick & Co.,Consumer Staples,2,Packaged Foods & Meats,5,
McDonald’s Corp.,I’m Lovin’ It,McDonald's Corp.,Consumer Discretionary,1,Restaurants,3,
McDonald's,"Food, folks and fun.",McDonald's,Consumer Discretionary,1,Restaurants,,
McDonald's,Have you had your break today?,McDonald's,Consumer Discretionary,1,Restaurants,,
McDonald's,We love to see you smile.,McDonald's,Consumer Discretionary,1,Restaurants,,
McDonald's,You deserve a break today.,McDonald's,Consumer Discretionary,1,Restaurants,,
McKesson Corp.,Empowering Healthcare.,McKesson Corp.,Health Care,6,Health Care Distributors,2,
Medtronic plc,Alleviating Pain • Restoring Health • Extending Life,Medtronic plc,Health Care,6,Health Care Equipment,8,
Merck & Co.,Committed to making a difference.,Merck & Co.,Health Care,6,Pharmaceuticals,5,
MetLife Inc.,It’s at times like this that Metlife sets itself apart.,MetLife Inc.,Financials,4,Life & Health Insurance,10,
Michael Kors Holdings,"A chic, luxurious, sexy fragrance for women.",Michael Kors Holdings,Consumer Discretionary,1,"Apparel, Accessories & Luxury Goods",7,
Microchip Technology,"anything that revolves, anything that moves",Microchip Technology,Information Technology,7,Semiconductors,6,
Micron Technology,Performance. Power. Reliability,Micron Technology,Information Technology,7,Semiconductors,3,
Microsoft Corp.,Your Potential. Our Passion.,Microsoft Corp.,Information Technology,7,Systems Software,4,
Mohawk Industries,It’s more than a floor.,Mohawk Industries,Consumer Discretionary,1,Home Furnishings,5,
Molson Coors Brewing Company,The Banquet Beer.,Molson Coors Brewing Company,Consumer Staples,2,Brewers,3,
Mondelez International,Make today delicious,Mondelez International,Consumer Staples,2,Packaged Foods & Meats,3,
Monster Beverage,Fuel Your Fire,Monster Beverage,Consumer Staples,2,Soft Drinks,3,
Moody’s Corp,"Small Business, Credit Index",Moody's Corp,Financials,4,Financial Exchanges & Data,4,
Morgan Stanley,World Wise.,Morgan Stanley,Financials,4,Investment Banking & Brokerage,2,
Motorola Solutions Inc.,Helping customers be their best in the moments that matter,Motorola Solutions Inc.,Information Technology,7,Communications Equipment,10,
Mylan N.V.,Seeing is believing,Mylan N.V.,Health Care,6,Pharmaceuticals,3,
NASDAQ OMX Group,Trade up.,"Nasdaq, Inc.",Financials,4,Financial Exchanges & Data,2,
National Oilwell Varco Inc.,One Company Unlimited Solutions,National Oilwell Varco Inc.,Energy,3,Oil & Gas Equipment & Services,4,
NetApp,“Go further faster”,NetApp,Information Technology,7,Internet Software & Services,3,
Netflix Inc.,It just might bring everyone together,Netflix Inc.,Information Technology,7,Internet Software & Services,6,
Newell Rubbermaid Co.,“Brands That Matter”,Newell Brands,Consumer Discretionary,1,Housewares & Specialties,3,
Newfield Exploration Co,Balance of Exploration and Acquisitions,Newfield Exploration Co,Energy,3,Oil & Gas Exploration & Production,5,
Newmont Mining Corp. (Hldg. Co.),The Gold Company.,Newmont Mining Corporation,Materials,8,Gold,3,
News Corp. Class A,Fair & Balanced.,News Corp. Class A,Consumer Discretionary,1,Publishing,3,
News Corp. Class B,Fair & Balanced.,News Corp. Class B,Consumer Discretionary,1,Publishing,3,
NextEra Energy,We Heard You,NextEra Energy,Utilities,11,Multi-Utilities,3,
Nielsen Holdings,"What People Watch, Listen To and Buy",Nielsen Holdings,Industrials,5,Research & Consulting Services,7,
Nike,Just Do It,Nike,Consumer Discretionary,1,"Apparel, Accessories & Luxury Goods",3,
NiSource Inc.,"Premier Safety, Reliability and Service.",NiSource Inc.,Utilities,11,Multi-Utilities,5,
Noble Energy Inc,"Energizing the World, Bettering People’s Lives",Noble Energy Inc,Energy,3,Oil & Gas Exploration & Production,6,
Nordstrom,Reinvent Yourself,Nordstrom,Consumer Discretionary,1,Department Stores,2,
Norfolk Southern Corp.,The Thoroughbred,Norfolk Southern Corp.,Industrials,5,Railroads,2,
Northern Trust Corp.,"You know your destination. You need a wise, caring advisor alongside you.",Northern Trust Corp.,Financials,4,Asset Management & Custody Banks,12,
Northrop Grumman Corp.,Defining the future.,Northrop Grumman Corp.,Industrials,5,Aerospace & Defense,3,
NRG Energy,We generate power.,NRG Energy,Utilities,11,Independent Power Producers & Energy Traders,3,
Nucor Corp.,It’s Our Nature,Nucor Corp.,Materials,8,Steel,3,
Nvidia Corporation,The Way It’s Meant to be Played,Nvidia Corporation,Information Technology,7,Semiconductors,7,
O’Reilly Automotive,Professional Part People,O'Reilly Automotive,Consumer Discretionary,1,Specialty Stores,3,
Occidental Petroleum,"Develop energy resources safely, profitably and responsibly.",Occidental Petroleum,Energy,3,Oil & Gas Exploration & Production,7,
Omnicom Group,The only we can.The media agencies.,Omnicom Group,Consumer Discretionary,1,Advertising,6,
ONEOK,The ONE in energy,ONEOK,Energy,3,Oil & Gas Storage & Transportation,4,
Oracle Corp.,Oracle is THE information company,Oracle Corp.,Information Technology,7,Application Software,5,
PACCAR Inc.,The World’s Best,PACCAR Inc.,Industrials,5,Construction Machinery & Heavy Trucks,3,
Parker-Hannifin,Engineering YOUR success,Parker-Hannifin,Industrials,5,Industrial Machinery,3,
Paychex Inc.,Payroll. HR. Retirement. Insurance,Paychex Inc.,Information Technology,7,Internet Software & Services,4,
PayPal,The safer way to pay online,PayPal,Information Technology,7,Data Processing & Outsourced Services,6,
Pentair Ltd.,Pentair water.,Pentair plc,Industrials,5,Industrial Machinery,2,
People’s United Financial,Everything Starts With You,People's United Financial,Financials,4,Thrifts & Mortgage Finance,4,
PepsiCo Inc.,Pepsi. It’s the cola.,PepsiCo Inc.,Consumer Staples,2,Soft Drinks,4,
PerkinElmer,For the Better,PerkinElmer,Health Care,6,Health Care Equipment,3,
Perrigo,Quality Affordable Healthcare Products,Perrigo,Health Care,6,Pharmaceuticals,4,
Pfizer Inc.,Pfizer Quality.,Pfizer Inc.,Health Care,6,Pharmaceuticals,2,
PG&E Corp.,Climate Smart,PG&E Corp.,Utilities,11,Multi-Utilities,2,
Philip Morris International,Looks To The Future,Philip Morris International,Consumer Staples,2,Tobacco,4,
Phillips 66,Proud To Be Here,Phillips 66,Energy,3,Oil & Gas Refining & Marketing,4,
Pinnacle West Capital,The choice for digital video.,Pinnacle West Capital,Utilities,11,Multi-Utilities,5,
Pioneer Natural Resources,Creativity Beyond Imagination,Pioneer Natural Resources,Energy,3,Oil & Gas Exploration & Production,3,
PNC Financial Services,Leading the Way.,PNC Financial Services,Financials,4,Regional Banks,3,
Polo Ralph Lauren Corp.,World of Ralph Lauren,Polo Ralph Lauren Corp.,Consumer Discretionary,1,"Apparel, Accessories & Luxury Goods",4,
PPG Industries,We protect and beautify the world,PPG Industries,Materials,8,Specialty Chemicals,6,
PPL Corp.,We’ll Be There When The Light Goes On,PPL Corp.,Utilities,11,Electric Utilities,8,
Praxair Inc.,MAKING OUR PLANET MORE PRODUCTIVE,Praxair Inc.,Materials,8,Industrial Gases,5,
Principal Financial Group,We’ll Give You an Edge.,Principal Financial Group,Financials,4,Life & Health Insurance,5,
Procter & Gamble,"Touching lives, improving life",Procter & Gamble,Consumer Staples,2,Personal Products,4,
Progressive Corp.,"It’s about you, and it’s about time.",Progressive Corp.,Financials,4,Property & Casualty Insurance,7,
Prologis,The strategic partner for Global trade,Prologis,Real Estate,9,Industrial REITs,6,
Prudential Financial,Bring Your Challenges,Prudential Financial,Financials,4,Life & Health Insurance,3,
Public Serv. Enterprise Inc.,We make things work for you,Public Serv. Enterprise Inc.,Utilities,11,Electric Utilities,6,
Public Storage,Real storage expert.,Public Storage,Real Estate,9,Specialized REITs,3,
Pulte Homes Inc.,It’s our philosophy. It’s the way we do business,Pulte Homes Inc.,Consumer Discretionary,1,Homebuilding,9,
PVH Corp.,The Way Forward: Evolve Everyday,PVH Corp.,Consumer Discretionary,1,"Apparel, Accessories & Luxury Goods",5,
Qorvo,“All Around You”,Qorvo,Information Technology,7,Semiconductors,3,
QUALCOMM Inc.,Enabling the Wireless Industry,QUALCOMM Inc.,Information Technology,7,Semiconductors,4,
Quanta Services Inc.,Leadership in Performance and Safety,Quanta Services Inc.,Industrials,5,Construction & Engineering,5,
Quest Diagnostics,The patient comes first,Quest Diagnostics,Health Care,6,Health Care Services,4,
Raytheon Co.,Customer Success is our mission,Raytheon Co.,Industrials,5,Aerospace & Defense,5,
Realty Income Corporation,The Monthly Dividend Company,Realty Income Corporation,Real Estate,9,Retail REITs,4,
Red Hat Inc.,We’re stronger together,Red Hat Inc.,Information Technology,7,Systems Software,3,
Regeneron,Science to medicine.,Regeneron,Health Care,6,Biotechnology,3,
Regions Financial Corp.,You can expect more stability.,Regions Financial Corp.,Financials,4,Regional Banks,5,
Republic Services Inc,Think Green,Republic Services Inc,Industrials,5,Environmental & Facilities Services,2,
Robert Half International,Innovation and Excellence in consulting and staffing,Robert Half International,Industrials,5,Human Resource & Employment Services,7,
Rockwell Automation Inc.,Listen. Think. Solve.,Rockwell Automation Inc.,Industrials,5,Electrical Components & Equipment,3,
Rockwell Collins,Building trust everyday,Rockwell Collins,Industrials,5,Aerospace & Defense,3,
Roper Industries,Simple Ideas. Powerful Results.,Roper Technologies,Industrials,5,Industrial Conglomerates,4,
Ross Stores,Dress for Less.,Ross Stores,Consumer Discretionary,1,Apparel Retail,3,
Royal Caribbean Cruises Ltd,Get Out There,Royal Caribbean Cruises Ltd,Consumer Discretionary,1,"Hotels, Resorts & Cruise Lines",3,
Salesforce.com,Success on Demand,Salesforce.com,Information Technology,7,Internet Software & Services,3,
SCANA Corp,Power for Living,SCANA Corp,Utilities,11,Multi-Utilities,3,
Schlumberger Ltd.,Excellence in Execution,Schlumberger Ltd.,Energy,3,Oil & Gas Equipment & Services,3,
Seagate Technology,“We turn on ideas”,Seagate Technology,Information Technology,7,"Technology Hardware, Storage & Peripherals",4,
Sealed Air Corp.(New),Our Products protect your Products,Sealed Air,Materials,8,Paper Packaging,5,
Sempra Energy,For every day life,Sempra Energy,Utilities,11,Multi-Utilities,4,
Sherwin-Williams,Ask Sherwin-Williams,Sherwin-Williams,Materials,8,Specialty Chemicals,2,
Simon Property Group Inc,Self administered and self managed real estate investment trust,Simon Property Group Inc,Real Estate,9,Retail REITs,9,
Skyworks Solutions,Breakthrough Simplicity,Skyworks Solutions,Information Technology,7,Semiconductors,2,
SL Green Realty,Demanding Quality. Delivering Value.,SL Green Realty,Real Estate,9,Office REITs,4,
Snap-On Inc.,Being a Pro Matters,Snap-On Inc.,Consumer Discretionary,1,Household Appliances,4,
Southern Co.,Smart Energy. Smart Grid. Smart Choices.,Southern Co.,Utilities,11,Electric Utilities,6,
Southwest Airlines,Stop Searching. Start Traveling,Southwest Airlines,Industrials,5,Airlines,4,
Stanley Black & Decker,Performance in Action,Stanley Black & Decker,Consumer Discretionary,1,Household Appliances,3,
Starbucks Corp.,Romancing the bean,Starbucks Corp.,Consumer Discretionary,1,Restaurants,3,
State Street Corp.,Passionate about our client’s success.,State Street Corp.,Financials,4,Asset Management & Custody Banks,5,
Stericycle Inc,Protecting People. Reducing Risk.,Stericycle Inc,Industrials,5,Environmental & Facilities Services,4,
Stryker Corp.,We make a difference,Stryker Corp.,Health Care,6,Health Care Equipment,4,
SunTrust Banks,Live Solid. Bank Solid. SunTrust.,SunTrust Banks,Financials,4,Regional Banks,5,
Symantec Corp.,Confidence in a connected world.,Symantec Corp.,Information Technology,7,Application Software,5,
Synchrony Financial,Engage With Us,Synchrony Financial,Financials,4,Consumer Finance,3,
Sysco Corp.,Good things come from Sysco,Sysco Corp.,Consumer Staples,2,Food Distributors,5,
T. Rowe Price Group,Invest With Confidence,T. Rowe Price Group,Financials,4,Asset Management & Custody Banks,3,
Target Corp.,Expect More. Pay Less.,Target Corp.,Consumer Discretionary,1,General Merchandise Stores,4,
TE Connectivity Ltd.,Every Connection Counts,TE Connectivity Ltd.,Information Technology,7,Electronic Manufacturing Services,3,
Texas Instruments,Technology for Innovators,Texas Instruments,Information Technology,7,Semiconductors,3,
Textron Inc.,Reaching new heights.,Textron Inc.,Industrials,5,Aerospace & Defense,3,
The Bank of New York Mellon Corp.,The Investments Company for the World,The Bank of New York Mellon Corp.,Financials,4,Asset Management & Custody Banks,6,
The Clorox Company,"We make everyday life better, every day",Citrix Systems,Information Technology,7,Internet Software & Services,7,
The Coca Cola Company,Things go better with Coke.,Coca-Cola Company (The),Consumer Staples,2,Soft Drinks,5,
The Hershey Company,The Sweetest Taste on Earth,  ,Consumer Staples,2,Packaged Foods & Meats,5,
The Mosaic Company,Helping the World Grow the Food it Needs,The Mosaic Company,Materials,8,Fertilizers & Agricultural Chemicals,8,
The Walt Disney Company,I’m going to Disney World!,The Walt Disney Company,Consumer Discretionary,1,Cable & Satellite,5,
Thermo Fisher Scientific,The world leader in serving science,Thermo Fisher Scientific,Health Care,6,Health Care Equipment,6,
Tiffany & Co.,True love grows,Tiffany & Co.,Consumer Discretionary,1,"Apparel, Accessories & Luxury Goods",3,
TJX Companies Inc.,Get the max for the minimum.,TJX Companies Inc.,Consumer Discretionary,1,Apparel Retail,6,
Torchmark Corp.,For “middle income” Americans,Torchmark Corp.,Financials,4,Life & Health Insurance,4,
Total System Services,People-Centered Payments®,Total System Services,Information Technology,7,Internet Software & Services,2,
Tractor Supply Company,For Life Out Here,Tractor Supply Company,Consumer Discretionary,1,Specialty Stores,4,
TripAdvisor,Plan and book your perfect trip,TripAdvisor,Consumer Discretionary,1,Internet & Direct Marketing Retail,6,
Twenty-First Century Fox Class A,HOME ENTERTAINMENT,Twenty-First Century Fox Class A,Consumer Discretionary,1,Publishing,2,
Twenty-First Century Fox Class B,HOME ENTERTAINMENT,Twenty-First Century Fox Class B,Consumer Discretionary,1,Publishing,2,
Tyson Foods,Powered by Tyson.,Tyson Foods,Consumer Staples,2,Packaged Foods & Meats,3,
U.S. Bancorp,All of US serving you.,U.S. Bancorp,Financials,4,Diversified Banks,5,
UDR Inc,Opening Doors To The Future,UDR Inc,Real Estate,9,Residential REITs,5,
Under Armour,Protect This House,Under Armour Class A,Consumer Discretionary,1,"Apparel, Accessories & Luxury Goods",3,
Union Pacific,Building America.,Union Pacific,Industrials,5,Railroads,2,
United Continental Holdings,Let’s fly together,United Continental Holdings,Industrials,5,Airlines,3,
United Health Group Inc.,Helping People Live Healthier Lives.,United Health Group Inc.,Health Care,6,Managed Health Care,5,
United Parcel Service,We run the tightest ship in the shipping business.,United Parcel Service,Industrials,5,Air Freight & Logistics,9,
"United Rentals, Inc.",You’re building the future. We’re here to help.™,"United Rentals, Inc.",Industrials,5,Trading Companies & Distributors,8,
United Technologies,You can see everything from here,United Technologies,Industrials,5,Aerospace & Defense,6,
"Universal Health Services, Inc.",The Health Care you need. Close to Home.,"Universal Health Services, Inc.",Health Care,6,Health Care Facilities,8,
Unum Group,Better Benefits at Work.,Unum Group,Financials,4,Life & Health Insurance,4,
V.F. Corp.,We Fit Your Life,V.F. Corp.,Consumer Discretionary,1,"Apparel, Accessories & Luxury Goods",4,
Valero Energy,Investing in Excellence.,Valero Energy,Energy,3,Oil & Gas Refining & Marketing,3,
Varian Medical Systems,A partner for life,Varian Medical Systems,Health Care,6,Health Care Equipment,4,
Ventas Inc,"Reliable Capital, Delivering value",Ventas Inc,Real Estate,9,Health Care REITs,4,
Verisign Inc.,Powered by Verisign,Verisign Inc.,Information Technology,7,Internet Software & Services,3,
Verisk Analytics,Serve. Add Value. Innovate,Verisk Analytics,Industrials,5,Research & Consulting Services,4,
Verizon Communications,Rule the Air,Verizon Communications,Telecommunication Services,10,Integrated Telecommunication Services,3,
Vertex Pharmaceuticals Inc,The Science of Possibility,Vertex Pharmaceuticals Inc,Health Care,6,Biotechnology,4,
Viacom Inc.,I want My MTV,Viacom Inc.,Consumer Discretionary,1,Cable & Satellite,4,
Visa Inc.,Go with Visa,Visa Inc.,Information Technology,7,Internet Software & Services,3,
Vornado Realty Trust,Fully-integrated real estate investment trust,Vornado Realty Trust,Real Estate,9,Office REITs,5,
Vulcan Materials,Think Safety,Vulcan Materials,Materials,8,Construction Materials,2,
Walgreens Boots Alliance,The Pharmacy America trusts.,Walgreens Boots Alliance,Consumer Staples,2,Drug Retail,4,
Wal-Mart Stores,Save Money. Live Better.,Walmart,Consumer Staples,2,Hypermarkets & Super Centers,4,
Waste Management Inc.,Think green,Waste Management Inc.,Industrials,5,Environmental & Facilities Services,2,
Waters Corporation,The science of what’s possible,Waters Corporation,Health Care,6,Health Care Distributors,5,
Wells Fargo,Together we’ll go far.,Wells Fargo,Financials,4,Diversified Banks,4,
Welltower Inc.,Humane Capital Help Desk,Welltower Inc.,Real Estate,9,Health Care REITs,4,
Western Digital,Designed to protect your data.,Western Digital,Information Technology,7,"Technology Hardware, Storage & Peripherals",5,
Western Union Co,The fastest way to send money – worldwide,Western Union Co,Information Technology,7,Internet Software & Services,8,
Weyerhaeuser Corp.,Growing a truly great company.,Weyerhaeuser,Real Estate,9,Specialized REITs,5,
Whirlpool Corp.,"Work Globally, Act Locally",Whirlpool Corp.,Consumer Discretionary,1,Household Appliances,4,
Williams Cos.,We make energy happen.,Williams Cos.,Energy,3,Oil & Gas Storage & Transportation,4,
Willis Towers Watson,Family of Companies,Willis Towers Watson,Financials,4,Insurance Brokers,3,
Wynn Resorts Ltd,Wynn Las Vegas,Wynn Resorts Ltd,Consumer Discretionary,1,Casinos & Gaming,3,
Xcel Energy Inc,Responsible by Nature,Xcel Energy Inc,Utilities,11,Multi-Utilities,3,
Xerox Corp.,Work can work better,Xerox,Information Technology,7,"Technology Hardware, Storage & Peripherals",4,
Xilinx Inc,All Programmable,Xilinx,Information Technology,7,Semiconductors,2,
XL Capital,Make Your World Go,XL Group,Financials,4,Property & Casualty Insurance,4,
Xylem Inc.,Let’s Solve Water,Xylem Inc.,Industrials,5,Industrial Machinery,3,
Yum! Brands Inc,Alone we’re delicious…together we’re Yum!,Yum! Brands Inc,Consumer Discretionary,1,Restaurants,5,
Zimmer Biomet Holdings,Personal fit. Renewed life,Zimmer Biomet Holdings,Health Care,6,Health Care Equipment,4,
Zions Bancorp,A collection of Great banks,Zions Bancorp,Financials,4,Regional Banks,5,
Zoetis,"For Animals, For Health. For You",Zoetis,Health Care,6,Pharmaceuticals,6,