,COMPANY,SLOGAN,SectorId,URL,Telecommunication Services,GICS_SubIndustry,WORDS,Unnamed: 7,CSLOGANS
0,3M Company,Science. Applied to life.,20,3M Company,Industrials,Industrial Conglomerates,4.0,,scienc appli life
1,A&P,"At the A&P, we watch our P's and Q's.",30,A&P,Consumer Staples,,, ,ap watch ps qs
2,Abbott Laboratories,Life. To the fullest.,35,Abbott Laboratories,Health Care,Health Care Equipment,4.0,,life fullest
3,AbbVie,People. Passion. Possibilities.,35,AbbVie Inc.,Health Care,Pharmaceuticals,3.0,,peopl passion possibl
4,ABN AMRO Bank , Making More Possible,40,,Financials,,,,make possibl
5,Accenture plc,High performance. Delivered.,45,Accenture plc,Information Technology,IT Consulting & Other Services,3.0,,high perform deliv
6,Activision Blizzard,We make Great Games,45,Activision Blizzard,Information Technology,Home Entertainment Software,4.0,,make great game
7,Adobe Systems Inc,A new experience in user experience.,45,Adobe Systems Inc,Information Technology,Application Software,6.0,,new experi user experi
8,ADT Corp,Always There.,45,Advanced Micro Devices Inc,Information Technology,Semiconductors,2.0,,alway
9,Advance Auto Parts,We're Ready in Advance.,25,Advance Auto Parts,Consumer Discretionary,Automotive Retail,4.0,,readi advanc
10,Advertisements,It pays to advertise!,25,Advertisements,Consumer Discretionary,,,,pay advertis
11,AES Corp,The Power of being Global,10,AES Corp,Energy,Independent Power Producers & Energy Traders,5.0,,power global
12,Aetna Inc,We want you to know.,35,Aetna Inc,Health Care,Managed Health Care,5.0,,know
13,Affiliated Managers Group Inc,A global asset under management,40,Affiliated Managers Group Inc,Financials,Asset Management & Custody Banks,5.0,,global asset manag
14,AFLAC Inc,Ask about it at work.,40,AFLAC Inc,Financials,Life & Health Insurance,5.0,,ask work
15,Agilent Technologies Inc,The world's premier measurement company.,35,Agilent Technologies Inc,Health Care,Health Care Equipment,5.0,,world premier measur compani
16,AGL Resources Inc.,Providing Tomorrow's Energy.,55,AGL Resources Inc.,Utilities,,3.0,,provid tomorrow energi
17,AIG or American International Group Insurance Company , We know Money,40,,Financials,,,,know money
18,Air Canada , A breath of Fresh Air,20,,Industrials,,,,breath fresh air
19,Air India, Moving India Forward,20,,Industrials,,,,move india forward
20,Air Products & Chemicals Inc,We are Air Products,15,Air Products & Chemicals Inc,Materials,Industrial Gases,4.0,,air product
21,Air Sahara, EMOTIONALLY YOURS,20,,Industrials,,,,emot
22,Airgas Inc,You'll find it with us.,15,Airgas Inc,Materials,,5.0,,youll find us
23,Airtel, Express Yourself,50,,Telecommunication Services,,,,express
24,AKAI, Land of rising technology,25,,Consumer Discretionary,,,,land rise technolog
25,Akamai Technologies Inc,"In a faster forward world, innovation doesn't wait for technology",45,Akamai Technologies Inc,Information Technology,Internet Software & Services,10.0,,faster forward world innov doesnt wait technolog
26,Alcoa Inc,Inventing the future since 1888,15,Alcoa Inc,Materials,,5.0,,invent futur sinc 1888
27,Alexion Pharmaceuticals,Transforming patients' lives through innovation.,35,Alexion Pharmaceuticals,Health Care,Biotechnology,5.0,,transform patient live innov
28,Alka-Seltzer,Plop Plop Fizz Fizz. Oh what a relief it is.,35,Alka-Seltzer,Health Care,,,,plop plop fizz fizz oh relief
29,Allegion,Pioneering safety around the world.,20,Allegion,Industrials,Building Products,5.0,,pioneer safeti around world
30,Allen Solly, Friday Dressing,25,,Consumer Discretionary,,,,friday dress
31,Allergan plc,"Our pursuit, Life's potential",35,Allergan plc,Health Care,,4.0,,pursuit life potenti
32,Alliance Data Systems,All for Good. Good for All.,45,Alliance Data Systems,Information Technology,Data Processing & Outsourced Services,6.0,,good good
33,Allianz Insurance, THE POWER ON YOUR SIDE,40,,Financials,,,,power side
34,Allstate Corp,You're in good hands.,40,Allstate Corp,Financials,Property & Casualty Insurance,4.0,,good hand
35,Alphabet Inc Class A,Don't Be Evil.,45,Alphabet Inc Class A,Information Technology,Internet Software & Services,3.0,,dont evil
36,Alphabet Inc Class C,Don't Be Evil.,45,Alphabet Inc Class C,Information Technology,Internet Software & Services,3.0,,dont evil
37,Altria Group Inc,We're A Company Moving Forward,30,Altria Group Inc,Consumer Staples,Tobacco,5.0,,compani move forward
38,Amazon.com Inc,Work Hard. Have Fun. Make History.,25,Amazon.com Inc.,Consumer Discretionary,Internet & Direct Marketing Retail,6.0,,work hard fun make histori
39,Ameren Corp,Focused Energy. For Life,55,Ameren Corp,Utilities,Multi-Utilities,4.0,,focus energi life
40,American Airlines Group,Going for great.,20,American Airlines Group,Industrials,Airlines,3.0,,go great
41,American Electric Power,"AEP, America's Energy Partner",55,American Electric Power,Utilities,Electric Utilities,4.0,,aep america energi partner
42,American Express Co,Don't Leave Home Without It,40,American Express Co,Financials,Consumer Finance,5.0,,dont leav home without
43,"American International Group, Inc.",We know money.,40,"American International Group, Inc.",Financials,Property & Casualty Insurance,3.0,,know money
44,American Tower Corp A,Where you want to be.,50,American Tower Corp A,Telecommunication Services,Specialized REITs,5.0,,
45,American Water Works Company Inc,The Authoritative Resource on Safe Water,55,American Water Works Company Inc,Utilities,Water Utilities,6.0,,authorit resourc safe water
46,Ameriprise Financial,Be Brilliant,40,Ameriprise Financial,Financials,Asset Management & Custody Banks,2.0,,brilliant
47,AmerisourceBergen Corp,Because It's All Right Here.,35,AmerisourceBergen Corp,Health Care,Health Care Distributors,5.0,,becaus right
48,Ametek,A Leading Global Manufacturer of Electronic Instruments and Electromechanical Devices,20,AMETEK Inc.,Industrials,Electrical Components & Equipment,10.0,,lead global manufactur electron instrument electromechan devic
49,Amgen Inc,To Serve Patients.,35,Amgen Inc.,Health Care,Biotechnology,3.0,,serv patient
50,Amphenol Corp A,Connecting tomorrow.,15,Amphenol Corp,Materials,Electronic Components,2.0,,connect tomorrow
51,Anadarko Petroleum Corp,Bringing Excellence to the Surface.,10,Anadarko Petroleum Corp,Energy,Oil & Gas Exploration & Production,5.0,,bring excel surfac
52,"Analog Devices, Inc.",World leader in high performance signalprocessing.,45,"Analog Devices, Inc.",Information Technology,Semiconductors,7.0,,world leader high perform signalprocess
53,Anthem Inc.,"Together, we are transforming health care with trusted and caring solutions",35, ,Health Care,Managed Health Care,11.0,,togeth transform health trust solut
54,Aon plc,Insure your vision.,40,Aon plc,Financials,Insurance Brokers,3.0,,insur vision
55,Apache Corporation,Energy to Grow,10,Apache Corporation,Energy,Oil & Gas Exploration & Production,3.0,,energi grow
56,Apartment Investment & Mgmt,America Comes Home to Aimco,60,Apartment Investment & Management,Real Estate,Residential REITs,5.0,,america home aimco
57,Apple Computer,Everything is easier on a Mac,45,Apple Inc.,Information Technology,,,,everyth easier mac
58,Apple Inc.,Think Different.,45,Apple Inc.,Information Technology,"Technology Hardware, Storage & Peripherals",2.0,,think differ
59,Apple Inc.,"Once you go Mac, you'll never go back.",45,Apple Inc.,Information Technology,,,,onc go mac youll never go back
60,Applied Materials Inc,Apply it.,20,Applied Materials Inc.,Industrials,Semiconductor Equipment,2.0,,appli
61,Arby's,I'm thinking Arby's.,25,Arby's,Consumer Discretionary,,,,think arbi
62,ARCELOR , Steel solutions for a better world,15,,Materials,,,,steel solut better world
63,Archer-Daniels-Midland Co,Resourceful by nature,55,Archer-Daniels-Midland Co,Utilities,Agricultural Products,3.0,,resourc natur
64,Assurant Inc,Assurant. On your terms.,40,Assurant Inc.,Financials,Multi-line Insurance,4.0,,assur term
65,AT&T , The World's Networking Company,50,,Telecommunication Services,,,,world network compani
66,AT&T Inc,Your world. Delivered.,50,AT&T Inc.,Telecommunication Services,Integrated Telecommunication Services,3.0,,world deliv
67,Australian Broadcasting Corporation,It's Your ABC.,25,Australian Broadcasting Corporation,Consumer Discretionary,,,,abc
68,Autodesk Inc,Design your world.,45,Autodesk Inc.,Information Technology,Application Software,3.0,,design world
69,Automatic Data Processing,The Business behind business.,45,Automatic Data Processing,Information Technology,Internet Software & Services,4.0,,busi behind busi
70,AutoNation Inc,Driven to be the best,25,AutoNation Inc,Consumer Discretionary,,5.0,,driven best
71,AutoZone Inc,Get in the Zone,25,AutoZone Inc,Consumer Discretionary,Specialty Stores,4.0,,get zone
72,Avago Technologies,"Your Imagination, Our innovation",25,Avago Technologies,Consumer Discretionary,,4.0,,imagin innov
73,"AvalonBay Communities, Inc.",Appreciating value,60,"AvalonBay Communities, Inc.",Real Estate,Residential REITs,2.0,,appreci valu
74,Avery Dennison Corp,"Inspired Brands, Intelligent World",20,Avery Dennison Corp,Industrials,Paper Packaging,4.0,,inspir brand intellig world
75,Avis Rental Cars,We Try Harder,25,,Consumer Discretionary,,,,tri harder
76,Bajaj, Auto Inspiring Confidence,20,,Industrials,,,,auto inspir confid
77,Baker Hughes Inc,"Enabling safe, affordable energy, improving people's lives",10,"Baker Hughes, a GE Company",Energy,Oil & Gas Equipment & Services,7.0,,enabl safe afford energi improv peopl live
78,Ball Corp,Products that reflect an innovation mindset.,15,Ball Corp,Materials,Metal & Glass Containers,6.0,,product reflect innov mindset
79,Bank of America Corp,Think what we can do for you,40,Bank of America Corp,Financials,Diversified Banks,7.0,,think
80,Barclays , Fluent in Finance; Its our business to know your business,40,,Financials,,,,fluent financ busi know busi
81,Bard (C.R.) Inc.,Advancing Lives and the Delivery of Health Care,35,Bard (C.R.) Inc.,Health Care,,8.0,,advanc live deliveri health
82,Baxalta,"Your Life, Our Inspiration",35,Baxalta,Health Care,,4.0,,life inspir
83,Baxter International Inc.,Making a meaningful difference in patients' lives,35,Baxter International Inc.,Health Care,Health Care Equipment,7.0,,make meaning differ patient live
84,BB&T Corporation,More than writing checks or making deposits,40,BB&T Corporation,Financials,Regional Banks,7.0,,write check make deposit
85,Be Fearless. , SYMANTEC,45,,Information Technology,,,,symantec
86,Becton Dickinson,Helping all people live healthy lives,35,Becton Dickinson,Health Care,Health Care Equipment,6.0,,help peopl live healthi live
87,Bed Bath & Beyond,Everything to Entertain,25,Bed Bath & Beyond,Consumer Discretionary,,3.0,,everyth entertain
88,Berkshire Hathaway,The Customer Is Always Right!,40,Berkshire Hathaway,Financials,Multi-Sector Holdings,5.0,,custom alway right
89,Best Buy Co. Inc.,Expert Service. Unbeatable Price.,25,Best Buy Co. Inc.,Consumer Discretionary,Computer & Electronics Retail,4.0,,expert servic unbeat price
90,BIOCON , The difference lies in our DNA,35,,Health Care,,,,differ lie dna
91,BIOGEN IDEC Inc.,Transforming discovery into care.,35,Biogen Inc.,Health Care,Biotechnology,4.0,,transform discoveri
92,BlackRock,Opportunity favors the prepared mind,40,BlackRock,Financials,Asset Management & Custody Banks,5.0,,opportun favor prepar mind
93,Block H&R,You got people.,40,Block H&R,Financials,Consumer Finance,3.0,,got peopl
94,BLOGGER.COM , Push Button Publishing,25,,Consumer Discretionary,,,,push button publish
95,BLOOMINGDALES , Like no other store in the world,25,,Consumer Discretionary,,,,like store world
96,BluestarAC, BREATHE EASY,20,,Industrials,,,,breath easi
97,BMW,The ultimate driving machine,20,https://www.bmwgroup.com/en.html,Industrials,,,,ultim drive machin
98,BMW , The Ultimate Driving Machine,20,,Industrials,,,,ultim drive machin
99,Boeing Company,Forever New Frontiers,20,Boeing Company,Industrials,Aerospace & Defense,3.0,,forev new frontier
100,BorgWarner,Feel good about driving,20,BorgWarner,Industrials,Auto Parts & Equipment,4.0,,feel good drive
101,Bose Corporation,Better sound through research.,25,Bose Corporation,Consumer Discretionary,,,,better sound research
102,Boston Properties,Experienced leadership.,60,Boston Properties,Real Estate,Office REITs,2.0,,experienc leadership
103,Boston Scientific,Delivering what's next.,35,Boston Scientific,Health Care,Health Care Equipment,3.0,,deliv next
104,BPCL , Pure for Sure,10,,Energy,,,,pure sure
105,Bristol-Myers Squibb,extending and enhancing human life,35,Bristol-Myers Squibb,Health Care,Health Care Distributors,5.0,,extend enhanc human life
106,British airways , The Way to Fly.,20,,Industrials,,,,way fli
107,British Petroleum , Beyond Petroleum,10,,Energy,,,,beyond petroleum
108,British Rail,We're getting there.,25,British Rail,Consumer Discretionary,,,,get
109,Brooke Bond, Cheers your senses,30,,Consumer Staples,,,,cheer sens
110,Brown-Forman Corporation,We enrich the experience of life.,30,Brown-Forman Corp.,Consumer Staples,Distillers & Vintners,6.0,,enrich experi life
111,Brylcreem,A little dab'll do ya!,25,Brylcreem,Consumer Discretionary,,,,littl dabll
112,BSNL, Connecting India,50,,Telecommunication Services,,,,connect india
113,Burger King,Aren't You Hungry for Burger King now?,25,Burger King,Consumer Discretionary,,,,arent hungri burger king
114,Burger King,Have it your way.,25,Burger King,Consumer Discretionary,,,,way
115,Burger King,Home of the Whopper.,25,Burger King,Consumer Discretionary,,,,home whopper
116,BUSINESS STANDARD, When you're sure,25,,Consumer Discretionary,,,,sure
117,BUSINESS TODAY , For Managing Tomorrow,25,,Consumer Discretionary,,,,manag tomorrow
118,BUSINESS WORLD , Play the Game,25,,Consumer Discretionary,,,,play game
119,C A, THE SOFTWARE THAT MANAGES e-BUSINESS,45,,Information Technology,,,,softwar manag ebusi
120,C. H. Robinson Worldwide,Get You There Faster.,20,C. H. Robinson Worldwide,Industrials,Air Freight & Logistics,4.0,,get faster
121,"CA, Inc.",Agility made possible,45,"CA, Inc.",Information Technology,Systems Software,3.0,,agil made possibl
122,Cablevision Systems Corp.,Reach Out and Touch Someone.,25,Cablevision Systems Corp.,Consumer Discretionary,,5.0,,reach touch someon
123,Cabot Oil & Gas,"Clean Energy, Stronger Communities",10,Cabot Oil & Gas,Energy,Oil & Gas Exploration & Production,4.0,,clean energi stronger commun
124,Calvin Klein's Obsession,Between love and madness lies Obsession.,25,Calvin Klein's Obsession,Consumer Discretionary,,,,love mad lie obsess
125,Camel cigarettes,I'd walk a mile for a Camel.,25,Camel cigarettes,Consumer Discretionary,,,,id walk mile camel
126,Cameron International Corp.,Raising Performance. Together.,20,Cameron International Corp.,Industrials,,3.0,,rais perform togeth
127,Campbell Soup,It's Amazing What Soup Can Do!,30,Campbell Soup,Consumer Staples,Packaged Foods & Meats,6.0,,amaz soup
128,Campbell's Soup,M'm! M'm! Good!,30,Campbell's Soup,Consumer Staples,,,,mm mm good
129,Capital One Financial,What's in your wallet?,40,Capital One Financial,Financials,Consumer Finance,4.0,,wallet
130,Cardinal Health Inc.,Essential to care,35,Cardinal Health Inc.,Health Care,Health Care Distributors,3.0,,essenti
131,Caribou Coffee,Life is short. Stay awake for it!,30,Caribou Coffee,Consumer Staples,,,,life short stay awak
132,Carl's Jr.,"If it doesn't get all over the place, it doesn't belong in your face.",25,Carl's Jr.,Consumer Discretionary,,,,doesnt get place doesnt belong
133,Carlsberg,Probably the best lager in the world.,30,Carlsberg,Consumer Staples,,,,probabl best lager world
134,Carmax Inc,The Way Car Buying Should Be,25,Carmax Inc,Consumer Discretionary,Specialty Stores,6.0,,way car buy
135,Carnival Corp.,Fun For All. All For Fun,25,Carnival Corp.,Consumer Discretionary,"Hotels, Resorts & Cruise Lines",6.0,,fun fun
136,Cartoon Network,The Best Place for Cartoons.,25,Cartoon Network,Consumer Discretionary,,,,best place cartoon
137,Caterpillar Inc.,Earthmoving solutions for today's challenges.,20,Caterpillar Inc.,Industrials,Construction Machinery & Heavy Trucks,5.0,,earthmov solut today challeng
138,CBRE Group,Local Real Estate. Worldwide,60,CBRE Group,Real Estate,Real Estate Services,4.0,,local real estat worldwid
139,CBS,We've got the touch.,25,CBS,Consumer Discretionary,Broadcasting,,,weve got touch
140,CBS Corp.,Only CBS,25,CBS Corp.,Consumer Discretionary,Broadcasting,2.0,,onli cb
141,CEAT ,Making Mobility Safer and Smarter. Everyday,25,,Consumer Discretionary,,,,make mobil safer smarter everyday
142,Celgene Corp.,Committed to improving the lives of patients worldwide,35,Celgene Corp.,Health Care,Biotechnology,8.0,,commit improv live patient worldwid
143,Centene Corporation,Better health outcomes at lower costs,35,Centene Corporation,Health Care,Managed Health Care,6.0,,better health outcom lower cost
144,CenterPoint Energy,Always there.,55,CenterPoint Energy,Utilities,Multi-Utilities,2.0,,alway
145,CenturyLink Inc,Stronger Connected,50,CenturyLink Inc,Telecommunication Services,Integrated Telecommunication Services,2.0,,stronger connect
146,Cerner,Anticipate Innovate Accelerate,45,Cerner,Information Technology,Health Care Technology,3.0,,anticip innov acceler
147,CF Industries Holdings Inc,Where chemistry grows,15,CF Industries Holdings Inc,Materials,Fertilizers & Agricultural Chemicals,3.0,,chemistri grow
148,Charles Schwab Corporation,Helping investors help themselves,40,Charles Schwab Corporation,Financials,Investment Banking & Brokerage,4.0,,help investor help themselv
149,Charmin,Please don't squeeze the Charmin,25,,Consumer Discretionary,Household Products,,,pleas dont squeez charmin
150,Chesapeake Energy,Natural Gas Wins the Day,10,Chesapeake Energy,Energy,,5.0,,natur ga win day
151,CHEVROLET AVEO , When Good is not good enough.,25,,Consumer Discretionary,,,,good good enough
152,Chevron Corp.,"Finding newer, cleaner ways to power the world.",10,Chevron Corp.,Energy,Integrated Oil & Gas,8.0,,find newer cleaner way power world
153,Chevron Corporation , Human Energy,10,,,,,,human energi
154,Chick-fil-A,Eat Mor Chikin!,25,Chick-fil-A,Consumer Discretionary,,,,eat mor chikin
155,CHIP , Intelligent Computing,45,,Information Technology,,,,intellig comput
156,Chipotle Mexican Grill,Food with integrity,25,Chipotle Mexican Grill,Consumer Discretionary,Restaurants,3.0,,food integr
157,Chubb Limited,Chubb. Insured.,40,Chubb Limited,Financials,Property & Casualty Insurance,2.0,,chubb insur
158,Chuck E. Cheese's,Where a kid can be a kid.,25,Chuck E. Cheese's,Consumer Discretionary,,,,kid kid
159,Church & Dwight,The Standard of Purity,25,Church & Dwight,Consumer Discretionary,Household Products,4.0,,standard puriti
160,CIGNA Corp.,A Business of Caring,35,CIGNA Corp.,Health Care,Managed Health Care,4.0,,busi
161,Cimarex Energy,Stronger for Good Time and Bad,10,Cimarex Energy,Energy,Oil & Gas Exploration & Production,6.0,,stronger good time bad
162,Cincinnati Financial,Everything Insurance Should Be,40,Cincinnati Financial,Financials,Property & Casualty Insurance,4.0,,everyth insur
163,Cintas Corporation,Ready for the Workday,20,Cintas Corporation,Industrials,Diversified Support Services,4.0,,readi workday
164,CIPLA , Caring for life,35,,Health Care,,,,life
165,Cisco Systems,Welcome To The Human Network,45,Cisco Systems,Information Technology,Communications Equipment,5.0,,welcom human network
166,Citibank,your city never sleeps,40,,Financials,,,,never sleep
167,Citigroup Inc.,Where money lives,40,Citigroup Inc.,Financials,Diversified Banks,8.0,,money live
168,Citizens Financial Group,Good Banking Is Good Citizenship,40,  ,Financials,Regional Banks,5.0,,good bank good citizenship
169,Citrix Systems,Simplicity is power,40,Citrix Systems,Financials,,3.0,,simplic power
170,CME Group Inc.,How The World Advances,40,CME Group Inc.,Financials,Financial Exchanges & Data,4.0,,world advanc
171,CMS Energy,Count on Us.,55,CMS Energy,Utilities,Multi-Utilities,3.0,,count us
172,CNBC , Profit from it,25,First in Business Worldwide,Consumer Discretionary,,,,profit
173,Coach Inc.,Give her Coach,25,Coach Inc.,Consumer Discretionary,,3.0,,give coach
174,Coca-Cola,Always Coca-Cola.,30,Coca-Cola,Consumer Staples,,,,alway cocacola
175,Coca-Cola,Coca-Cola. Enjoy!,30,Coca-Cola,Consumer Staples,,,,cocacola enjoy
176,Coca-Cola,Coke is it!,30,Coca-Cola,Consumer Staples,,,,coke
177,Coca-Cola,Life tastes good.,30,Coca-Cola,Consumer Staples,,,,life tast good
178,Coca-Cola,Make It Real.,30,Coca-Cola,Consumer Staples,,,,make real
179,Coca-Cola,Open Happiness.,30,Coca-Cola,Consumer Staples,,,,open happi
180,Coca-Cola,Real.,30,Coca-Cola,Consumer Staples,,,,real
181,Coca-Cola,The Coke Side of Life.,30,Coca-Cola,Consumer Staples,,,,coke side life
182,Coca-Cola,The pause that refreshes.,30,Coca-Cola,Consumer Staples,,,,paus refresh
183,Coca-Cola,The Real Thing,30,Coca-Cola,Consumer Staples,,,,real thing
184,Coca-Cola Enterprises,Things go better with Coke.,30,Coca-Cola,Consumer Staples, ,5.0,,thing go better coke
185,Cognizant Technology Solutions,Keep Challenging,45,Cognizant Technology Solutions,Information Technology,IT Consulting & Other Services,2.0,,keep challeng
186,Colgate-Palmolive,World of Care,25,Colgate-Palmolive,Consumer Discretionary,Household Products,3.0,,world
187,Columbia Pipeline Group Inc,"Significant Scale, Unparalleled Footprint",20,Columbia Pipeline Group Inc,Industrials,,4.0,,signific scale unparallel footprint
188,Comcast A Corp,Ready to work.,25,Comcast Corp.,Consumer Discretionary,Cable & Satellite,3.0,,readi work
189,Comerica Inc.,Committed to Business,40,Comerica Inc.,Financials,Diversified Banks,3.0,,commit busi
190,CrOMPTRON and GREAVES , Everyday Solutions,10,,,,,,everyday solut
191,ConAgra Foods Inc.,ConAgra. The right kind of food company,30,Conagra Brands,Consumer Staples,Packaged Foods & Meats,7.0,,conagra right kind food compani
192,Concho Resources,Great Place To Work,10,Concho Resources,Energy,Oil & Gas Exploration & Production,4.0,,great place work
193,ConocoPhillips,Energy for tomorrow.,10,ConocoPhillips,Energy,Oil & Gas Exploration & Production,3.0,,energi tomorrow
194,Consolidated Edison,"Energy, efficiency, expertise",10,Consolidated Edison,Energy,Electric Utilities,3.0,,energi effici expertis
195,Constellation Brands,Tastes for life,30,Constellation Brands,Consumer Staples,Distillers & Vintners,3.0,,tast life
196,Corning Inc.,Discovering Beyond Imagination,20,Corning Inc.,Industrials,Electronic Components,3.0,,discov beyond imagin
197,Corona,Every bubble's passed its fizzical.,30,Corona,Consumer Staples,Packaged Foods & Meats,,,everi bubbl pass fizzic
198,Costco Co.,Simplifying home and life,30,Costco Wholesale Corp.,Consumer Staples,Hypermarkets & Super Centers,4.0,,simplifi home life
199,Council for Cable Information,"Cable. It's not just more choice, it's your choice.",25,Council for Cable Information,Consumer Discretionary,Cable & Satellite,,,cabl choic choic
200,Count Chocula,I vant to eat your cereal!,30,Count Chocula,Consumer Staples,,,,vant eat cereal
201,Cow's milk (for the California Milk Processor Board),Got Milk?,30,Cow's milk (for the California Milk Processor Board),Consumer Staples,,,,got milk
202,Cremo cigars by American Tobacco,There is no spit in Cremo!,30,Cremo cigars by American Tobacco,Consumer Staples,food beverage and tobacco,,,spit cremo
203,Crocodile, Tough Guys,25,,Consumer Discretionary,,,,tough guy
204,Crown Castle International Corp.,Providing Wireless Infrastructure in Prime Locations,50,Crown Castle International Corp.,Telecommunication Services,Specialized REITs,6.0,,provid wireless infrastructur prime locat
205,CSRA Inc.,Enduring Values. Inspired Performance.,45,CSRA Inc.,Information Technology,,4.0,,endur valu inspir perform
206,CSX Corp.,How tomorrow moves.,20,CSX Corp.,Industrials,Railroads,3.0,,tomorrow move
207,Cummins Inc.,Making people's lives better by unleashing the power of Cummins.,20,Cummins Inc.,Industrials,Industrial Machinery,10.0,,make peopl live better unleash power cummin
208,CVS Caremark Corp.,Health is everything,35,CVS Health,Health Care,Drug Retail,3.0,,health everyth
209,D. R. Horton,America's Builder,25,D. R. Horton,Consumer Discretionary,Homebuilding,2.0,,america builder
210,Danaher Corp.,Invent.,20,Danaher Corp.,Industrials,Health Care Equipment,1.0,,invent
211,Darden Restaurants,To nourish and delight everyone we serve,25,Darden Restaurants,Consumer Discretionary,Restaurants,7.0,,nourish delight everyon serv
212,DaVita Inc.,Bringing quality to life,35,DaVita Inc.,Health Care,Health Care Facilities,4.0,,bring qualiti life
213,DeBeers,A diamond is forever.,15,DeBeers,Materials,,,,diamond forev
214,Deere & Co.,Nothing runs like a Deere.,20,Deere & Co.,Industrials,Agricultural & Farm Machinery,5.0,,noth run like deer
215,Dell Computer,Easy as Dell,45,,Information Technology,,,,easi
216,Delphi Automotive,Partner of Choice.,20,Delphi Automotive,Industrials,,3.0,,partner choic
217,Delta Air Lines,Keep Climbing.,20,Delta Air Lines Inc.,Industrials,Airlines,2.0,,keep climb
218,Dentsply Sirona,For better dentistry.,35,Dentsply Sirona,Health Care,Health Care Supplies,3.0,,better dentistri
219,Deutsche Bank , A Passion to Perform,40,,Financials,,,,passion perform
220,Devon Energy Corp.,Commitment runs deep.,10,Devon Energy Corp.,Energy,Oil & Gas Exploration & Production,3.0,,commit run deep
221,DHL,We keep your promises.,20,DHL,Industrials,,,,keep promis
222,DHL, We move the world,20,DHL,Industrials,,,,move world
223,Diamond Offshore Drilling,Hooked On Safety,10,Diamond Offshore Drilling,Energy,,3.0,,hook safeti
224,DIGIT ,"Save money, without thinking about it.",40,,Financials,,,,save money without think
225,Discover Financial Services,There's always something more to Discover,40,Discover Financial Services,Financials,Consumer Finance,6.0,,alway someth discov
226,Discovery Communications-A,"Let's All Discover, Why No Myth Is Safe",25,Discovery Inc. Class A,Consumer Discretionary,Cable & Satellite,8.0,,let discov whi myth safe
227,Discovery Communications-C,"Let's All Discover, Why No Myth Is Safe",25,Discovery Inc. Class C,Consumer Discretionary,Cable & Satellite,8.0,,let discov whi myth safe
228,Dollar General,"Save Time, Save Money, Everyday.",25,Dollar General,Consumer Discretionary,General Merchandise Stores,5.0,,save time save money everyday
229,Dollar Tree,Everything's $1,25,Dollar Tree,Consumer Discretionary,General Merchandise Stores,2.0,,everyth 1
230,Dominion Resources,What we do everyday Powers you everyday,55,Dominion Energy,Utilities,Electric Utilities,7.0,,everyday power everyday
231,Domino's Pizza,"Get the door, it's Domino's!",25,Domino's Pizza,Consumer Discretionary,,,,get domino
232,Domino's Pizza,You got 30 minutes.,25,Domino's Pizza,Consumer Discretionary,,,,got 30
233,Dover Corp.,redefining what's possible,20,Dover Corp.,Industrials,Industrial Machinery,3.0,,redefin possibl
234,Dow Chemical,Living. Improved Daily.,15,DowDuPont,Materials,Diversified Chemicals,3.0,,live improv daili
235,Dr Pepper Snapple Group,We do things with flavor,25,Dr Pepper Snapple Group,Consumer Discretionary,,5.0,,thing flavor
236,DR. REDDY'S LABORATORIES , Life. Research. Hope,35,,Health Care,,,,life research hope
237,DTE Energy Co.,For all the energy you'll ever need.,55,DTE Energy Co.,Utilities,Multi-Utilities,7.0,,energi youll ever need
238,Du Pont (E.I.),The Miracles of Science,15,Du Pont (E.I.),Materials,,4.0,,miracl scienc
239,Duke Energy,Powering and empowering our communities,55,Duke Energy,Utilities,Electric Utilities,5.0,,power empow commun
240,Dun & Bradstreet,committed to your success.,45,Dun & Bradstreet,Information Technology,,4.0,,commit success
241,Duracell,You can't top the copper top.,25,Duracell,Consumer Discretionary,,,,cant top copper top
242,E*Trade,Get high rates without the risks.,40,E*Trade,Financials,Investment Banking & Brokerage,6.0,,get high rate without risk
243,Eastman Chemical,Where Chemistry and Innovation come together.,15,Eastman Chemical,Materials,Diversified Chemicals,6.0,,chemistri innov togeth
244,Eaton Corporation,Powering Business Worldwide,20,Eaton Corporation,Industrials,Electrical Components & Equipment,3.0,,power busi worldwid
245,EBAY , The World's Online Market Place,25,,Consumer Discretionary,,,,world onlin market place
246,eBay Inc.,"Buy it, sell it, love it",45,eBay Inc.,Information Technology,Internet Software & Services,6.0,,buy sell love
247,Ecolab Inc.,The Global Leader in Commercial and Sanitizing Solutions,15,Ecolab Inc.,Materials,Specialty Chemicals,8.0,,global leader commerci sanit solut
248,Edison Int'l,Leading the way in electricity.,55,Edison Int'l,Utilities,Electric Utilities,5.0,,lead way electr
249,Edwards Lifesciences,Global Leader in the Science of Heart Valves and Hemodynamic Monitoring,35,Edwards Lifesciences,Health Care,Health Care Equipment,11.0,,global leader scienc heart valv hemodynam monitor
250,Electronic Arts,If it's in the game. It's in the game.,45,Electronic Arts,Information Technology,Home Entertainment Software,9.0,,game game
251,EMC Corp.,Where information lives.,45,EMC Corp.,Information Technology,,3.0,,inform live
252,Emerson Electric Company,Consider it solved.,20,Emerson Electric Company,Industrials,Electrical Components & Equipment,3.0,,consid solv
253,Endo International,Serving for the health of the people,35,Endo International,Health Care,,7.0,,serv health peopl
254,Energizer ,He Keeps Going and Going and ,25,Energizer,Consumer Discretionary,,,,keep go go
255,Entergy Corp.,The Power of People.,55,Entergy Corp.,Utilities,Electric Utilities,4.0,,power peopl
256,EOG Resources,"When you think energy, think EOG",10,EOG Resources,Energy,Oil & Gas Exploration & Production,6.0,,think energi think eog
257,EPSON , Exceed Your Vision,25,,Consumer Discretionary,,,,exceed vision
258,EQT Corporation,Where energy means innovation,10,EQT Corporation,Energy,Oil & Gas Exploration & Production,4.0,,energi mean innov
259,Equifax Inc.,Inform. Enrich. Empower.,25,Equifax Inc.,Consumer Discretionary,Research & Consulting Services,3.0,,inform enrich empow
260,Equinix,Where Opportunity Connects,50,Equinix,Telecommunication Services,Specialized REITs,3.0,,opportun connect
261,Equity Residential,A place people are proud to call home,60,Equity Residential,Real Estate,Residential REITs,8.0,,place peopl proud call home
262,Ernst and Young , Quality in Everything we Do,45,,Information Technology,,,,qualiti everyth
263,Essar corp ,we create value,10,,,,,,creat valu
264,Essex Property Trust Inc,Every Story is Unique. Every Home is Different.,60,"Essex Property Trust, Inc.",Real Estate,Residential REITs,8.0,,everi stori uniqu everi home differ
265,Esso/Exxon,Put a tiger in your tank.,10,Esso/Exxon,Energy,Oil & Gas Exploration & Production,,,put tiger tank
266,Estee Lauder Cos.,Bringing the best to everyone we touch.,25,Estee Lauder Cos.,Consumer Discretionary,Personal Products,7.0,,bring best everyon touch
267,Eversource Energy,"Take only pictures, leave only footprints",55,Eversource Energy,Utilities,Multi-Utilities,6.0,,take onli pictur leav onli footprint
268,Exelon Corp.,Sustainable Advantage,55,Exelon Corp.,Utilities,Multi-Utilities,2.0,,sustain advantag
269,Expedia Inc.,Where you book matters,25,Expedia Inc.,Consumer Discretionary,Internet & Direct Marketing Retail,4.0,,book matter
270,Expeditors Int'l,You'd be surprised how far we'll go for you.,20,Expeditors International,Industrials,Air Freight & Logistics,9.0,,youd surpris far well go
271,Express Scripts,Serving the prescription needs of more than 50 million Americans.,35,Express Scripts,Health Care,Health Care Distributors,10.0,,serv prescript need 50 million american
272,Extra Space Storage,Real storage expert,60,Extra Space Storage,Real Estate,Specialized REITs,3.0,,real storag expert
273,Exxon Mobil Corp.,Taking on the world's toughest energy challenges.,10,Exxon Mobil Corp.,Energy,Integrated Oil & Gas,7.0,,take world toughest energi challeng
274,F5 Networks,IT agility. Your way.,50,F5 Networks,Telecommunication Services,Communications Equipment,4.0,,agil way
275,Facebook,Be Connected. Be Discovered. Be on Facebook.,45,"Facebook, Inc.",Information Technology,Internet Software & Services,7.0,,connect discov facebook
276,Farmers Insurance Group,Gets you back where you belong.,40,Farmers Insurance Group,Financials,Property & Casualty Insurance,,,get back belong
277,Fastenal Co,Growth through customer service,20,Fastenal Co,Industrials,Building Products,4.0,,growth custom servic
278,Federal Express,"When it absolutely, positively, has to be there overnight.",20,Federal Express,Industrials,,,,absolut posit overnight
279,Federal Realty Investment Trust,We make home possible,60,Federal Realty Investment Trust,Real Estate,Retail REITs,4.0,,make home possibl
280,FedEx Corporation,"Relax, it's FedEx; The world on time",20,FedEx Corporation,Industrials,Air Freight & Logistics,7.0,,relax fedex world time
281,FIAT , Driven by Passion. FIAT,20,,Industrials,,,,driven passion fiat
282,Fidelity National Information Services,160 years of Experience,45,Fidelity National Information Services,Information Technology,Internet Software & Services,4.0,,160 year experi
283,Fifth Third Bancorp,The things we do for dreams.,40,Fifth Third Bancorp,Financials,Regional Banks,6.0,,thing dream
284,First Solar Inc,Lowering The Cost of Solar Electricity,10,First Solar Inc,Energy,,6.0,,lower cost solar electr
285,FirstEnergy Corp,Our energy is working for you.,55,FirstEnergy Corp,Utilities,Electric Utilities,6.0,,energi work
286,Fiserv Inc,Source. Capture. Optimization.,45,Fiserv Inc,Information Technology,Internet Software & Services,3.0,,sourc captur optim
287,FLIR Systems,The world's sixth sense.,45,FLIR Systems,Information Technology,Electronic Equipment & Instruments,4.0,,world sixth sens
288,Flowserve Corporation,Experience in motion.,20,Flowserve Corporation,Industrials,Industrial Machinery,3.0,,experi motion
289,Fluor Corp.,How the world is built.,20,Fluor Corp.,Industrials,Construction & Engineering,5.0,,world built
290,FMC Corporation,We put you first. And keep you ahead.,20,FMC Corporation,Industrials,Fertilizers & Agricultural Chemicals,8.0,,put first keep ahead
291,Folgers,The best part of waking up is Folgers in your cup!,30,Folgers,Consumer Staples,,,,best part wake folger cup
292,Ford Mondeo, Redefined Aggression,25,,Consumer Discretionary,,,,redefin aggress
293,Ford Motor,Built for the road ahead.,25,Ford Motor,Consumer Discretionary,Automobile Manufacturers,5.0,,built road ahead
294,Franklin Resources,Gain from our perspective,40,Franklin Resources,Financials,Asset Management & Custody Banks,4.0,,gain perspect
295,Freeport-McMoran Cp & Gld,Connecting the Future,15,Freeport-McMoRan Inc.,Materials,Copper,3.0,,connect futur
296,Frontier Communications,Welcome to the New Frontier.,50,Frontier Communications,Telecommunication Services,,5.0,,welcom new frontier
297,GAIL , Gas and Beyond,55,,Utilities,,,,ga beyond
298,GameStop Corp.,Power to the Players,25,GameStop Corp.,Consumer Discretionary,,4.0,,power player
299,Gap (The),For every generation there's a Gap.,25,Gap Inc.,Consumer Discretionary,Apparel Retail,6.0,,everi gener gap
300,Garmin Ltd.,We'll Take You There,25,Garmin Ltd.,Consumer Discretionary,Consumer Electronics,4.0,,well take
301,GEICO,So easy a caveman can do it.,40,GEICO,Financials,Property & Casualty Insurance,,,easi caveman
302,General Dynamics,Strength on your side,20,General Dynamics,Industrials,Aerospace & Defense,4.0,,strength side
303,General Electric,We bring good things to life.,20,General Electric,Industrials,Industrial Conglomerates,6.0,,bring good thing life
304,General Electric,Imagination at Work.,20,General Electric,Industrials,Industrial Conglomerates,,,imagin work
305,General Growth Properties Inc.,"Fully integrated, self managed and self administered REIT",60,General Growth Properties Inc.,Real Estate,Retail REITs,8.0,,fulli integr self manag self administ reit
306,General Mills,Nourishing Lives.,30,General Mills,Consumer Staples,Packaged Foods & Meats,2.0,,nourish live
307,General Motors,People in motion.,25,General Motors,Consumer Discretionary,Automobile Manufacturers,3.0,,peopl motion
308,Genuine Parts,Get the good stuff.,20,Genuine Parts,Industrials,Specialty Stores,4.0,,get good stuff
309,Gilead Sciences,Advancing therapeutics. Improving lives.,35,Gilead Sciences,Health Care,Biotechnology,4.0,,advanc therapeut improv live
310,GlaxoSmithKline,"Do more, feel better, live longer.",35,GlaxoSmithKline,Health Care,,,,feel better live longer
311,GM ,Find new roads,25,,Consumer Discretionary,,,,find new road
312,Godrej locks, PEACE OF MIND.GUARANTEED,25,,Consumer Discretionary,,,,peac mindguarante
313,Goldfish,The snack that smiles back.,30,Goldfish,Consumer Staples,,,,snack smile back
314,Goldman Sachs Group,Our client's intrests always come first.,40,Goldman Sachs Group,Financials,Investment Banking & Brokerage,6.0,,client intrest alway first
315,Goodyear Tire & Rubber,More Driven,25,Goodyear Tire & Rubber,Consumer Discretionary,Tires & Rubber,2.0,,driven
316,Grainger (W.W.) Inc.,For the ones who get it done.,20,Grainger (W.W.) Inc.,Industrials,Industrial Machinery,7.0,,one get done
317,Gucci, Quality is remembered long after the price is forgotten,25,,Consumer Discretionary,,,,qualiti rememb long price forgotten
318,Haier, Inspired living,25,,Consumer Discretionary,,,,inspir live
319,Halliburton Co.,Unleash the energy,10,Halliburton Co.,Energy,Oil & Gas Equipment & Services,3.0,,unleash energi
320,Hanesbrands Inc,Look who we've got our Hanes on now,25,Hanesbrands Inc,Consumer Discretionary,"Apparel, Accessories & Luxury Goods",8.0,,look weve got hane
321,Harley-Davidson," american by birth, rebel by choice",25,Harley-Davidson,Consumer Discretionary,Motorcycle Manufacturers,8.0,,american birth rebel choic
322,Harman Int'l Industries,Expect Brilliance,20,Harman Int'l Industries,Industrials,,2.0,,expect brillianc
323,Harris Corporation,technology to connect inform and protect,20,Harris Corporation,Industrials,Communications Equipment,4.0,,technolog connect inform protect
324,Harrod's retailer, London ENTER A DIFFERENT WORLD,25,,Consumer Discretionary,,,,london enter differ world
325,Hartford Financial Svc.Gp.,Always Thinking Ahead.,40,Hartford Financial Svc.Gp.,Financials,Property & Casualty Insurance,3.0,,alway think ahead
326,Hasbro Inc.,Boy Oh Boy! It's A Hasbro Toy!,25,Hasbro Inc.,Consumer Discretionary,Leisure Products,7.0,,boy oh boy hasbro toy
327,HCA Holdings,"It's you, it's me, it's all of us",35,HCA Holdings,Health Care,Health Care Facilities,8.0,,us
328,HCP Inc.,Strategy. Execution. Results.,60,HCP Inc.,Real Estate,Health Care REITs,3.0,,strategi execut result
329,Head & Shoulders,You never get a second chance to make a first impression.,25,Head & Shoulders,Consumer Discretionary,,,,never get second chanc make first impress
330,Heinz Baked Beans,Beanz Meanz Heinz.,30,Heinz Baked Beans,Consumer Staples,,,,beanz meanz heinz
331,Hellmann's,It wouldn't be home without Hellmann's.,30,Hellmann's,Consumer Staples,,,,wouldnt home without hellmann
332,Helmerich & Payne,Integrity. Respect.Teamwork. Creativity.,10,Helmerich & Payne,Energy,Oil & Gas Drilling,3.0,,integr respectteamwork creativ
333,Henry Schein,We will help you get there,35,Henry Schein,Health Care,Health Care Distributors,6.0,,help get
334,Hess Corporation,Energy on the move,10,Hess Corporation,Energy,Integrated Oil & Gas,4.0,,energi move
335,Hewlett Packard Enterprise,Accelerating Next,45,Hewlett Packard Enterprise,Information Technology,"Technology Hardware, Storage & Peripherals",2.0,,acceler next
336,Hitachi, Inspire the Next,25,,Consumer Discretionary,,,,inspir next
337,Hologic,The Science of Sure,35,Hologic,Health Care,Health Care Equipment,4.0,,scienc sure
338,Home Depot,More Saving. More Doing.,25,Home Depot,Consumer Discretionary,Home Improvement Retail,4.0,,save
339,HOME DEPOT , You can do it. We can Help.,25,Home Depot,Consumer Discretionary,Home Improvement Retail,,,help
340,HONDA , The Power of Dreams,25,,Consumer Discretionary,,,,power dream
341,Honeywell Int'l Inc.,"If we say it, we'll do it",20,Honeywell Int'l Inc.,Industrials,Industrial Conglomerates,7.0,,say well
342,Hormel Foods Corp.,Life Better Served,30,Hormel Foods Corp.,Consumer Staples,Packaged Foods & Meats,3.0,,life better serv
343,Host Hotels & Resorts,We bring the city to life,60,Host Hotels & Resorts,Real Estate,Hotel & Resort REITs,6.0,,bring life
344,HP Inc.,Keep reinventing.,45,HP Inc.,Information Technology,"Technology Hardware, Storage & Peripherals",2.0,,keep reinvent
345,HSBC,The world's local bank.,40,HSBC,Financials,Regional Banks,,,world local bank
346,Hughes Software, Think skywards,45,,Information Technology,,,,think skyward
347,Humana Inc.,Guidance when you need it most.,35,Humana Inc.,Health Care,Managed Health Care,6.0,,guidanc need
348,Huntington Bancshares,A bank invested in people.,40,Huntington Bancshares,Financials,Regional Banks,5.0,,bank invest peopl
349,Hutch Cellular India,"Wherever you go, our network follows",50,,Telecommunication Services,,,,wherev go network follow
350,Hyundai, Drive your way,25,,Consumer Discretionary,,,,drive way
351,IBM , ON DEMAND,45,,Information Technology,,,,demand
352,IBM ,"  I think, therefore IBM.",45,,Information Technology,,,,think therefor ibm
353,Idea Cellular,An idea can change your life.,50,Idea Cellular,Telecommunication Services,,,,idea chang life
354,iFlex Solutions,Empowering Financial Institutions Globally.,40,iFlex Solutions,Financials,,,,empow financi institut global
355,Illinois Tool Works,When customers depend on us We're there.,20,Illinois Tool Works,Industrials,Industrial Machinery,7.0,,custom depend us
356,Illumina Inc,New thinking.,35,Illumina Inc,Health Care,Life Sciences Tools & Services,2.0,,new think
357,Infosys ," "" Powered by Intellect, Driven by Values; Improve your odds with Infosys Predictability""",45,,Information Technology,,,,power intellect driven valu improv odd infosi predict
358,Ingersoll-Rand PLC,Inspiring progress,20,Ingersoll-Rand PLC,Industrials,Industrial Machinery,2.0,,inspir progress
359,Intel,Intel Inside,45,Intel Corp.,Information Technology,Semiconductors,3.0,,intel insid
360,Intercontinental Exchange,Trade the world.,40,Intercontinental Exchange,Financials,Financial Exchanges & Data,3.0,,trade world
361,International Bus. Machines,Let's build a smarter planet,45,International Business Machines,Information Technology,IT Consulting & Other Services,5.0,,let build smarter planet
362,International Paper,We Will Not Fail Our Customers!!,15,International Paper,Materials,Paper Packaging,6.0,,fail custom
363,Interpublic Group,A global leader in modern marketing solutions,25,Interpublic Group,Consumer Discretionary,Advertising,7.0,,global leader modern market solut
364,Intl Flavors & Fragrances,Engaging The Senses.,15,Intl Flavors & Fragrances,Materials,Specialty Chemicals,3.0,,engag sens
365,Intuit Inc.,"Small Business, rejoice",45,Intuit Inc.,Information Technology,Internet Software & Services,3.0,,small busi rejoic
366,Intuitive Surgical Inc.,Improving patient outcomes,35,Intuitive Surgical Inc.,Health Care,Health Care Equipment,3.0,,improv patient outcom
367,Invesco Ltd.,Explore intentional investing with Invesco,40,Invesco Ltd.,Financials,Asset Management & Custody Banks,5.0,,explor intent invest invesco
368,IOCL , Bringing Energy to Life,10,,,,,,bring energi life
369,Iron Mountain Incorporated,The Leader in Records & Information Management,45,Iron Mountain Incorporated,Information Technology, ,7.0,,leader record inform manag
370,Isaly Dairy Company's Klondike bar,What would you do for a Klondike bar?,30,Isaly Dairy Company's Klondike bar,Consumer Staples,,,,would klondik bar
371,Ivory Soap,Ivory Soap - 9944/100% Pure.,25,Ivory Soap,Consumer Discretionary,,,,ivori soap 9944100 pure
372,J. B. Hunt Transport Services,The Transportation Logistics Company,20,J. B. Hunt Transport Services,Industrials,Trucking,4.0,,transport logist compani
373,Jack FM,Playing what we want.,25,Jack FM,Consumer Discretionary,Broadcasting,,,play
374,Jacobs Engineering Group,People are our greatest asset,20,Jacobs Engineering Group,Industrials,Construction & Engineering,5.0,,peopl greatest asset
375,Jell-O,There's always room for Jell-O.,30,Jell-O,Consumer Staples,,,,alway room jello
376,Jet Airways , The Joy of Flying,20,,Industrials,,,,joy fli
377,Jobsahead.com, FILL IN YOUR AMBITION,25,,Consumer Discretionary,,,,fill ambit
378,Johnnie Walker, whiskey Keep Walking,30,,Consumer Staples,,,,whiskey keep walk
379,Johnson & Johnson,Your Druggist is More Than a Merchant,35,Johnson & Johnson,Health Care,Health Care Equipment,7.0,,druggist merchant
380,Johnson Controls,Ingenuity Welcome.,20,Johnson Controls International,Industrials,Building Products,2.0,,ingenu welcom
381,JPMorgan Chase & Co.,The right relationship is everything,40,JPMorgan Chase & Co.,Financials,Diversified Banks,5.0,,right relationship everyth
382,Juniper Networks,The New Network Is Here,45,Juniper Networks,Information Technology,Communications Equipment,5.0,,new network
383,JVC , The Perfect Experience,25,,Consumer Discretionary,,,,perfect experi
384,Kansas City Southern,The shortest route from Kansas City to salt water.,20,Kansas City Southern,Industrials,Railroads,9.0,,shortest rout kansa salt water
385,Kay Jewelers,Every kiss begins with Kay,25,Kay Jewelers,Consumer Discretionary,,,,everi kiss begin kay
386,Kellogg Co.,See You at Breakfast,30,Kellogg Co.,Consumer Staples,Packaged Foods & Meats,4.0,,see breakfast
387,Kentucky Fried Chicken,Finger lickin' good,25,KFC,Consumer Discretionary,Restaurants,,,finger lickin good
388,KeyCorp,Achieve anything.,40,KeyCorp,Financials,Regional Banks,2.0,,achiev anyth
389,KFC,We do chicken right!,25,KFC,Consumer Discretionary,Restaurants,,,chicken right
390,Kimberly-Clark,It feels good to feel.,30,Kimberly-Clark,Consumer Staples,Household Products,5.0,,feel good feel
391,Kimco Realty,"Integrity, Creativity, Stability.",60,Kimco Realty,Real Estate,Retail REITs,3.0,,integr creativ stabil
392,Kinder Morgan,A different kind of energy company,10,Kinder Morgan,Energy,Oil & Gas Storage & Transportation,6.0,,differ kind energi compani
393,Kingfisher Airlines , Fly the good times,20,,Industrials,,,,fli good time
394,Kit Kat,"Give me a break, Give me a kit Kat",30,Kit Kat,Consumer Staples, ,,,give break give kit kat
395,Kitchen Cabinet Kings,"Cabinets fit for royalty, but affordable for all!",25,Kitchen Cabinet Kings,Consumer Discretionary,,,,cabinet fit royalti afford
396,KLA-Tencor Corp.,Accelerating Yield,20,KLA-Tencor Corp.,Industrials,Semiconductor Equipment,2.0,,acceler yield
397,KMART , The stuff of life.,30,,Consumer Staples,,,,stuff life
398,Kohl's Corp.,Expect Great Things,25,Kohl's Corp.,Consumer Discretionary,General Merchandise Stores,3.0,,expect great thing
399,Kotak , Think Investments. Think Kotak.,40,,Financials,,,,think invest think kotak
400,Kraft Heinz Co,A little taste of heaven.,30,Kraft Heinz Co,Consumer Staples,Packaged Foods & Meats,5.0,,littl tast heaven
401,KROGER , Costs less to get more,30,Kroger Co.,Consumer Staples,Food Retail,4.0,,cost less get
402,Kroger Co.,"Right Store, Right Price",30,Kroger Co.,Consumer Staples,Food Retail,4.0,,right store right price
403,L Brands Inc.,Straight from the heartland,25,L Brands Inc.,Consumer Discretionary,Apparel Retail,4.0,,straight heartland
404,L'Oreal,Because you're worth it,25,,Consumer Discretionary,,,,becaus worth
405,L-3 Communications Holdings,From Vision To Reality,20,L-3 Communications Holdings,Industrials,Aerospace & Defense,4.0,,vision realiti
406,Laboratory Corp. of America Holding,Innovation. Quality. Convenience.,35,Laboratory Corp. of America Holding,Health Care,Health Care Services,3.0,,innov qualiti conveni
407,Lam Research,Changing the value equation,45,Lam Research,Information Technology,Semiconductor Equipment,4.0,,chang valu equat
408,LARSEN and TOUBRO , We make things which make India proud,20,,Industrials,,,,make thing make india proud
409,LEE , The jeans that built America,25,,Consumer Discretionary,,,,jean built america
410,Legg Mason,Global Asset Management,40,Legg Mason,Financials,,3.0,,global asset manag
411,Leggett & Platt,Enhancing people's lives for over 130 years.,20,Leggett & Platt,Industrials,Home Furnishings,7.0,,enhanc peopl live 130 year
412,Lehman Brothers , Where Vision Gets Built,40,,Financials,,,,vision get built
413,Lennar Corp.,Everything's Included.,25,Lennar Corp.,Consumer Discretionary,Homebuilding,2.0,,everyth includ
414,Lenovo,We are building a new technology company.,45,Lenovo,Information Technology,,,,build new technolog compani
415,Leucadia National Corp.,Clients First-Always,40,Leucadia National Corp.,Financials,,2.0,,client firstalway
416,Level 3 Communications,Building a Better Future,50,Level 3 Communications,Telecommunication Services,,4.0,,build better futur
417,LG,Life's Good,25,,Consumer Discretionary,,,,life good
418,Lilly (Eli) & Co.,Innovation is personal,35,Lilly (Eli) & Co.,Health Care,Pharmaceuticals,3.0,,innov person
419,Lincoln National,Hello Future,40,Lincoln National,Financials,Multi-line Insurance,2.0,,hello futur
420,Linear Technology Corp.,Enabling an Intelligent Planet,20,Linear Technology Corp.,Industrials,,4.0,,enabl intellig planet
421,Little Caesars,Pizza! Pizza!,25,Little Caesars,Consumer Discretionary,,,,pizza pizza
422,Lockheed Martin Corp.,We Never Forget Who We Are Working For,20,Lockheed Martin Corp.,Industrials,Aerospace & Defense,8.0,,never forget work
423,Loews Corp.,"EXPERIENCED, FORWARD, THINKING",40,Loews Corp.,Financials,Multi-line Insurance,3.0,,experienc forward think
424,Lowe's Cos.,Love Where You Live,25,Lowe's Cos.,Consumer Discretionary,Home Improvement Retail,4.0,,love live
425,Lowe's,Improving home improvement.,25,Lowe's,Consumer Discretionary,,,,improv home improv
426,Lowe's,Let's build something together.,25,Lowe's,Consumer Discretionary,,,,let build someth togeth
427,Lowe's,Never stop improving.,25,Lowe's,Consumer Discretionary,,,,never stop improv
428,Lufthansa, There is no better way to fly,20,,Industrials,,,,better way fli
429,LyondellBasell,Fuelling the power to within,15,LyondellBasell,Materials,Specialty Chemicals,5.0,,fuell power within
430,M&Ms,"Melts in your mouth, not in your hands.",30,M&Ms,Consumer Staples,,,,melt mouth hand
431,M&T Bank Corp.,Understanding what's important,40,M&T Bank Corp.,Financials,Regional Banks,3.0,,understand import
432,Macerich,We create shopping experiences.,60,Macerich,Real Estate,Retail REITs,4.0,,creat shop experi
433,Macy's Inc.,Way to shop!,25,Macy's Inc.,Consumer Discretionary,Department Stores,3.0,,way shop
434,Malaysian Airlines , Going Beyond Expectations,20,,Industrials,,,,go beyond expect
435,Mallinckrodt Plc,Our source. Your supply.,35,Mallinckrodt Plc,Health Care,,4.0,,sourc suppli
436,Marathon Oil Corp.,Going further. Doing more.,10,Marathon Oil Corp.,Energy,Oil & Gas Exploration & Production,4.0,,go
437,Marathon Petroleum,Going further. Doing more.,10,Marathon Petroleum,Energy,Oil & Gas Refining & Marketing,4.0,,go
438,Marriott Int'l.,Live Like a Local,25,Marriott Int'l.,Consumer Discretionary,"Hotels, Resorts & Cruise Lines",4.0,,live like local
439,Marsh & McLennan,Get there faster,40,Marsh & McLennan,Financials,Insurance Brokers,3.0,,get faster
440,Martin Marietta Materials,It's not just what we make. It's what we make possible.,15,Martin Marietta Materials,Materials,Construction Materials,11.0,,make make possibl
441,MARUTI SUZUKI, Count on us,25,,Consumer Discretionary,,,,count us
442,Masco Corp.,Building Supplies,20,Masco Corp.,Industrials,Building Products,2.0,,build suppli
443,Master card , There are some things money can't buy. For everything else there'sÿMASTERCARD.,45,,Information Technology,,,,thing money cant buy everyth els theresÿmastercard
444,Mastercard Inc.,Heart of Commerce,45,Mastercard Inc.,Information Technology,Internet Software & Services,3.0,,heart commerc
445,Mattel Inc.,The World's Mattel,25,Mattel Inc.,Consumer Discretionary,Leisure Products,3.0,,world mattel
446,Max NewYork Life Insurance , Your Partner for life,40,,Financials,,,,partner life
447,Maxwell House coffee,Good to the last drop.,30,Maxwell House coffee,Consumer Staples,,,,good last drop
448,Maybelline,Maybe she's born with it. Maybe it's Maybelline.,25,Maybelline,Consumer Discretionary,,,,mayb born mayb maybellin
449,McCormick & Co.,McCormick Brings Passion to Flavor,30,McCormick & Co.,Consumer Staples,Packaged Foods & Meats,5.0,,mccormick bring passion flavor
450,McDonald's Corp.,I'm Lovin' It,25,McDonald's Corp.,Consumer Discretionary,Restaurants,3.0,,lovin
451,McDonald's,"Food, folks and fun.",25,McDonald's,Consumer Discretionary,Restaurants,,,food folk fun
452,McDonald's,Have you had your break today?,25,McDonald's,Consumer Discretionary,Restaurants,,,break today
453,McDonald's,We love to see you smile.,25,McDonald's,Consumer Discretionary,Restaurants,,,love see smile
454,McDonald's,You deserve a break today.,25,McDonald's,Consumer Discretionary,Restaurants,,,deserv break today
455,McDowells Signature , The New Sign of Success.,30,,Consumer Staples,,,,new sign success
456,McKesson Corp.,Empowering Healthcare.,35,McKesson Corp.,Health Care,Health Care Distributors,2.0,,empow healthcar
457,Medtronic plc,Alleviating Pain • Restoring Health • Extending Life,35,Medtronic plc,Health Care,Health Care Equipment,8.0,,allevi pain • restor health • extend life
458,Merck & Co.,Committed to making a difference.,35,Merck & Co.,Health Care,Pharmaceuticals,5.0,,commit make differ
459,MetLife Inc.,It's at times like this that Metlife sets itself apart.,40,MetLife Inc.,Financials,Life & Health Insurance,10.0,,time like metlif set apart
460,METRO , The spirit of Commerce,30,,Consumer Staples,,,,spirit commerc
461,Metropolitan Life Insurance Company or Metlife. , Have You Met Life Today,40,,Financials,,,,life today
462,Michael Kors Holdings,"A chic, luxurious, sexy fragrance for women.",25,Michael Kors Holdings,Consumer Discretionary,"Apparel, Accessories & Luxury Goods",7.0,,chic luxuri sexi fragranc women
463,Microchip Technology,"anything that revolves, anything that moves",45,Microchip Technology,Information Technology,Semiconductors,6.0,,anyth revolv anyth move
464,Micron Technology,Performance. Power. Reliability,45,Micron Technology,Information Technology,Semiconductors,3.0,,perform power reliabl
465,Microsoft Corp.,Your Potential. Our Passion.,45,Microsoft Corp.,Information Technology,Systems Software,4.0,,potenti passion
466,MITTAL STEEL , Shaping the future of steel,15,,Materials,,,,shape futur steel
467,Mohawk Industries,It's more than a floor.,25,Mohawk Industries,Consumer Discretionary,Home Furnishings,5.0,,floor
468,Molson Coors Brewing Company,The Banquet Beer.,30,Molson Coors Brewing Company,Consumer Staples,Brewers,3.0,,banquet beer
469,Mondelez International,Make today delicious,30,Mondelez International,Consumer Staples,Packaged Foods & Meats,3.0,,make today delici
470,Monster Beverage,Fuel Your Fire,30,Monster Beverage,Consumer Staples,Soft Drinks,3.0,,fuel fire
471,Monster.com , Never Settle,25,,Consumer Discretionary,,,,never settl
472,Moody's Corp,"Small Business, Credit Index",40,Moody's Corp,Financials,Financial Exchanges & Data,4.0,,small busi credit index
473,Morgan Stanley,World Wise.,40,Morgan Stanley,Financials,Investment Banking & Brokerage,2.0,,world wise
474,Motorola Solutions Inc.,Helping customers be their best in the moments that matter,20,Motorola Solutions Inc.,Industrials,Communications Equipment,10.0,,help custom best moment matter
475,Mylan N.V.,Seeing is believing,35,Mylan N.V.,Health Care,Pharmaceuticals,3.0,,see believ
476,NASDAQ OMX Group,Trade up.,40,"Nasdaq, Inc.",Financials,Financial Exchanges & Data,2.0,,trade
477,National Oilwell Varco Inc.,One Company Unlimited Solutions,10,National Oilwell Varco Inc.,Energy,Oil & Gas Equipment & Services,4.0,,one compani unlimit solut
478,NDTV Profit , News you can Use.,25,,Consumer Discretionary,,,,news use
479,NetApp,Go further faster,45,NetApp,Information Technology,Internet Software & Services,3.0,,go faster
480,Netflix Inc.,It just might bring everyone together,25,Netflix Inc.,Consumer Discretionary,Internet Software & Services,6.0,,might bring everyon togeth
481,Newell Rubbermaid Co.,Brands That Matter,25,Newell Brands,Consumer Discretionary,Housewares & Specialties,3.0,,brand matter
482,Newfield Exploration Co,Balance of Exploration and Acquisitions,10,Newfield Exploration Co,Energy,Oil & Gas Exploration & Production,5.0,,balanc explor acquisit
483,Newmont Mining Corp. (Hldg. Co.),The Gold Company.,15,Newmont Mining Corporation,Materials,Gold,3.0,,gold compani
484,News Corp. Class A,Fair & Balanced.,25,News Corp. Class A,Consumer Discretionary,Publishing,3.0,,fair balanc
485,News Corp. Class B,Fair & Balanced.,25,News Corp. Class B,Consumer Discretionary,Publishing,3.0,,fair balanc
486,NextEra Energy,We Heard You,55,NextEra Energy,Utilities,Multi-Utilities,3.0,,heard
487,Nielsen Holdings,"What People Watch, Listen To and Buy",25,Nielsen Holdings,Consumer Discretionary,Research & Consulting Services,7.0,,peopl watch listen buy
488,Nike,Just Do It,25,Nike,Consumer Discretionary,"Apparel, Accessories & Luxury Goods",3.0,,
489,Nikon, At the heart of the Image,25,,Consumer Discretionary,,,,heart imag
490,NiSource Inc.,"Premier Safety, Reliability and Service.",55,NiSource Inc.,Utilities,Multi-Utilities,5.0,,premier safeti reliabl servic
491,Noble Energy Inc,"Energizing the World, Bettering People's Lives",10,Noble Energy Inc,Energy,Oil & Gas Exploration & Production,6.0,,energ world better peopl live
492,Nokia, Connecting people,25,,Consumer Discretionary,,,,connect peopl
493,Nordstrom,Reinvent Yourself,25,Nordstrom,Consumer Discretionary,Department Stores,2.0,,reinvent
494,Norfolk Southern Corp.,The Thoroughbred,20,Norfolk Southern Corp.,Industrials,Railroads,2.0,,thoroughbr
495,Northern Trust Corp.,"You know your destination. You need a wise, caring advisor alongside you.",40,Northern Trust Corp.,Financials,Asset Management & Custody Banks,12.0,,know destin need wise advisor alongsid
496,Northrop Grumman Corp.,Defining the future.,20,Northrop Grumman Corp.,Industrials,Aerospace & Defense,3.0,,defin futur
497,NRG Energy,We generate power.,55,NRG Energy,Utilities,Independent Power Producers & Energy Traders,3.0,,gener power
498,Nucor Corp.,It's Our Nature,15,Nucor Corp.,Materials,Steel,3.0,,natur
499,Nvidia Corporation,The Way It's Meant to be Played,45,Nvidia Corporation,Information Technology,Semiconductors,7.0,,way meant play
500,NYSE (New York Stock Exchange) , The world puts its stock in us,40,,Financials,,,,world put stock us
501,O'Reilly Automotive,Professional Part People,20,O'Reilly Automotive,Industrials,Specialty Stores,3.0,,profession part peopl
502,OBC, Where every individual is committed,40,,Financials,,,,everi individu commit
503,Occidental Petroleum,"Develop energy resources safely, profitably and responsibly.",10,Occidental Petroleum,Energy,Oil & Gas Exploration & Production,7.0,,develop energi resourc safe profit respons
504,Omnicom Group,The only we can.The media agencies.,25,Omnicom Group,Consumer Discretionary,Advertising,6.0,,onli canth media agenc
505,ONEOK,The ONE in energy,10,ONEOK,Energy,Oil & Gas Storage & Transportation,4.0,,one energi
506,ONGC , Making Tomorrow Brighter,10,ONGC - Oil and Natural Gas Corporation Limited,Energy,,,,make tomorrow brighter
507,Onida, Neighbor's envy,25,,Consumer Discretionary,,,,neighbor envi
508,Oracle Corp.,Oracle is THE information company,45,Oracle Corp.,Information Technology,Application Software,5.0,,oracl inform compani
509,PACCAR Inc.,The World's Best,20,PACCAR Inc.,Industrials,Construction Machinery & Heavy Trucks,3.0,,world best
510,Parker-Hannifin,Engineering YOUR success,20,Parker-Hannifin,Industrials,Industrial Machinery,3.0,,engin success
511,Paychex Inc.,Payroll. HR. Retirement. Insurance,45,Paychex Inc.,Information Technology,Internet Software & Services,4.0,,payrol hr retir insur
512,PayPal,The safer way to pay online,40,PayPal,Financials,Data Processing & Outsourced Services,6.0,,safer way pay onlin
513,Pentair Ltd.,Pentair water.,20,Pentair plc,Industrials,Industrial Machinery,2.0,,pentair water
514,People's United Financial,Everything Starts With You,40,People's United Financial,Financials,Thrifts & Mortgage Finance,4.0,,everyth start
515,PepsiCo Inc.,Pepsi. It's the cola.,30,PepsiCo Inc.,Consumer Staples,Soft Drinks,4.0,,pepsi cola
516,PerkinElmer,For the Better,35,PerkinElmer,Health Care,Health Care Equipment,3.0,,better
517,Perrigo,Quality Affordable Healthcare Products,35,Perrigo,Health Care,Pharmaceuticals,4.0,,qualiti afford healthcar product
518,Pfizer Inc.,Pfizer Quality.,35,Pfizer Inc.,Health Care,Pharmaceuticals,2.0,,pfizer qualiti
519,PG&E Corp.,Climate Smart,55,PG&E Corp.,Utilities,Multi-Utilities,2.0,,climat smart
520,Philip Morris International,Looks To The Future,25,Philip Morris International,Consumer Discretionary,Tobacco,4.0,,look futur
521,PHILLIPS , Sense and Simplicity,25,,Consumer Discretionary,,,,sens simplic
522,Phillips 66,Proud To Be Here,10,Phillips 66,Energy,Oil & Gas Refining & Marketing,4.0,,proud
523,Pinnacle West Capital,"Creating a sustainable energy future 
for Arizona.",55,Pinnacle West Capital,Utilities,Multi-Utilities,5.0,,creat sustain energi futur arizona
524,Pioneer Natural Resources,Creativity Beyond Imagination,10,Pioneer Natural Resources,Energy,Oil & Gas Exploration & Production,3.0,,creativ beyond imagin
525,PNC Financial Services,Leading the Way.,40,PNC Financial Services,Financials,Regional Banks,3.0,,lead way
526,Polo Ralph Lauren Corp.,World of Ralph Lauren,25,Polo Ralph Lauren Corp.,Consumer Discretionary,"Apparel, Accessories & Luxury Goods",4.0,,world ralph lauren
527,PPG Industries,We protect and beautify the world,15,PPG Industries,Materials,Specialty Chemicals,6.0,,protect beautifi world
528,PPL Corp.,We'll Be There When The Light Goes On,55,PPL Corp.,Utilities,Electric Utilities,8.0,,well light goe
529,Praxair Inc.,MAKING OUR PLANET MORE PRODUCTIVE,15,Praxair Inc.,Materials,Industrial Gases,5.0,,make planet product
530,Principal Financial Group,We'll Give You an Edge.,40,Principal Financial Group,Financials,Life & Health Insurance,5.0,,well give edg
531,Procter & Gamble,"Touching lives, improving life",30,Procter & Gamble,Consumer Staples,Personal Products,4.0,,touch live improv life
532,Progressive Corp.,"It's about you, and it's about time.",40,Progressive Corp.,Financials,Property & Casualty Insurance,7.0,,time
533,Prologis,The strategic partner for Global trade,60,Prologis,Real Estate,Industrial REITs,6.0,,strateg partner global trade
534,Prudential Financial,Bring Your Challenges,40,Prudential Financial,Financials,Life & Health Insurance,3.0,,bring challeng
535,Prudential Insurance Company , Growing and Protecting your wealth,40,,Financials,,,,grow protect wealth
536,Public Serv. Enterprise Inc.,We make things work for you,55,Public Serv. Enterprise Inc.,Utilities,Electric Utilities,6.0,,make thing work
537,Public Storage,Real storage expert.,60,Public Storage,Real Estate,Specialized REITs,3.0,,real storag expert
538,Pulte Homes Inc.,It's our philosophy. It's the way we do business,25,Pulte Homes Inc.,Consumer Discretionary,Homebuilding,9.0,,philosophi way busi
539,PVH Corp.,The Way Forward: Evolve Everyday,25,PVH Corp.,Consumer Discretionary,"Apparel, Accessories & Luxury Goods",5.0,,way forward evolv everyday
540,Qorvo,All Around You,45,Qorvo,Information Technology,Semiconductors,3.0,,around
541,QUALCOMM Inc.,Enabling the Wireless Industry,45,QUALCOMM Inc.,Information Technology,Semiconductors,4.0,,enabl wireless industri
542,Quanta Services Inc.,Leadership in Performance and Safety,20,Quanta Services Inc.,Industrials,Construction & Engineering,5.0,,leadership perform safeti
543,Quest Diagnostics,The patient comes first,35,Quest Diagnostics,Health Care,Health Care Services,4.0,,patient first
544,Raymond James Financial,llife well planned,40,,Financials,Investment Banking & Brokerage,,,llife well plan
545,Raytheon Co.,Customer Success is our mission,20,Raytheon Co.,Industrials,Aerospace & Defense,5.0,,custom success mission
546,Realty Income Corporation,The Monthly Dividend Company,60,Realty Income Corporation,Real Estate,Retail REITs,4.0,,monthli dividend compani
547,Red Hat Inc.,We're stronger together,45,Red Hat Inc.,Information Technology,Systems Software,3.0,,stronger togeth
548,Regeneron,Science to medicine.,35,Regeneron,Health Care,Biotechnology,3.0,,scienc medicin
549,Regions Financial Corp.,You can expect more stability.,40,Regions Financial Corp.,Financials,Regional Banks,5.0,,expect stabil
550,Reid and Taylor,Bond with the Best,25,,Consumer Discretionary,,,,bond best
551,Republic Services Inc,Think Green,20,Republic Services Inc,Industrials,Environmental & Facilities Services,2.0,,think green
552,Robert Half International,Innovation and Excellence in consulting and staffing,20,Robert Half International,Industrials,Human Resource & Employment Services,7.0,,innov excel consult staf
553,Rockwell Automation Inc.,Listen. Think. Solve.,20,Rockwell Automation Inc.,Industrials,Electrical Components & Equipment,3.0,,listen think solv
554,Rockwell Collins,Building trust everyday,20,Rockwell Collins,Industrials,Aerospace & Defense,3.0,,build trust everyday
555,Roper Industries,Simple Ideas. Powerful Results.,20,Roper Technologies,Industrials,Industrial Conglomerates,4.0,,simpl idea power result
556,Ross Stores,Dress for Less.,25,Ross Stores,Consumer Discretionary,Apparel Retail,3.0,,dress less
557,Royal Caribbean Cruises Ltd,Get Out There,25,Royal Caribbean Cruises Ltd,Consumer Discretionary,"Hotels, Resorts & Cruise Lines",3.0,,get
558,Salesforce.com,Success on Demand,45,Salesforce.com,Information Technology,Internet Software & Services,3.0,,success demand
559,Samsonite,Life's a Journey,25,,Consumer Discretionary,,,,life journey
560,SAMSUNG ,imagine the amazing things we can buid,25,,Consumer Discretionary,,,,imagin amaz thing buid
561,SANSUI ,Better than the Best,25,,Consumer Discretionary,,,,better best
562,SCANA Corp,Power for Living,55,SCANA Corp,Utilities,Multi-Utilities,3.0,,power live
563,Schlumberger Ltd.,Excellence in Execution,10,Schlumberger Ltd.,Energy,Oil & Gas Equipment & Services,3.0,,excel execut
564,Seagate Technology,We turn on ideas,45,Seagate Technology,Information Technology,"Technology Hardware, Storage & Peripherals",4.0,,turn idea
565,Sealed Air Corp.(New),Our Products protect your Products,15,Sealed Air,Materials,Paper Packaging,5.0,,product protect product
566,Sempra Energy,For every day life,55,Sempra Energy,Utilities,Multi-Utilities,4.0,,everi day life
567,Sherwin-Williams,Ask Sherwin-Williams,15,Sherwin-Williams,Materials,Specialty Chemicals,2.0,,ask sherwinwilliam
568,Simon Property Group Inc,Self administered and self managed real estate investment trust,60,Simon Property Group Inc,Real Estate,Retail REITs,9.0,,self administ self manag real estat invest trust
569,Singapore Airlines, A GREAT WAY TO FLY,20,,Industrials,,,,great way fli
570,Singapore Stock Exchange (SGX) , Tomorrow Market's Today.,40,,Financials,,,,tomorrow market today
571,SKODA , Obsessed with Quality since 1897.,25,,Consumer Discretionary,,,,obsess qualiti sinc 1897
572,Skyworks Solutions,Breakthrough Simplicity,45,Skyworks Solutions,Information Technology,Semiconductors,2.0,,breakthrough simplic
573,SL Green Realty,Demanding Quality. Delivering Value.,60,SL Green Realty,Real Estate,Office REITs,4.0,,demand qualiti deliv valu
574,Snap-On Inc.,Being a Pro Matters,25,Snap-On Inc.,Consumer Discretionary,Household Appliances,4.0,,pro matter
575,SONY ,BE MOVED,25,,Consumer Discretionary,,,,move
576,Southern Co.,Smart Energy. Smart Grid. Smart Choices.,55,Southern Co.,Utilities,Electric Utilities,6.0,,smart energi smart grid smart choic
577,Southwest Airlines,Low fares. Nothing to hide. That's Transfarency,20,Southwest Airlines,Industrials,Airlines,4.0,,low fare noth hide transfar
578,Spice Jet, Flying for everyone,20,,Industrials,,,,fli everyon
579,Standard Chartered Bank , Your Right Partner,40,,Financials,,,,right partner
580,Standard Insurance Company Limited. , Positively Different.,40,,Financials,,,,posit differ
581,Stanley Black & Decker,Performance in Action,25,Stanley Black & Decker,Consumer Discretionary,Household Appliances,3.0,,perform action
582,Starbucks Corp.,Romancing the bean,25,Starbucks Corp.,Consumer Discretionary,Restaurants,3.0,,romanc bean
583,Starwood Hotels & Resorts,Who's taking care of you,25,,Consumer Discretionary,,,,take
584,State Street Corp.,Passionate about our client's success.,40,State Street Corp.,Financials,Asset Management & Custody Banks,5.0,,passion client success
585,Stericycle Inc,Protecting People. Reducing Risk.,20,Stericycle Inc,Industrials,Environmental & Facilities Services,4.0,,protect peopl reduc risk
586,Stryker Corp.,We make a difference,35,Stryker Corp.,Health Care,Health Care Equipment,4.0,,make differ
587,SunTrust Banks,Live Solid. Bank Solid. SunTrust.,40,SunTrust Banks,Financials,Regional Banks,5.0,,live solid bank solid suntrust
588,SUZLON ENERGY , Powering a Greener Tomorrow.,10,,Energy,,,,power greener tomorrow
589,Symantec Corp.,Confidence in a connected world.,45,Symantec Corp.,Information Technology,Application Software,5.0,,confid connect world
590,Synchrony Financial,Engage With Us,40,Synchrony Financial,Financials,Consumer Finance,3.0,,engag us
591,Sysco Corp.,Good things come from Sysco,45,Sysco Corp.,Information Technology,Food Distributors,5.0,,good thing sysco
592,T. Rowe Price Group,Invest With Confidence,40,T. Rowe Price Group,Financials,Asset Management & Custody Banks,3.0,,invest confid
593,Target Corp.,Expect More. Pay Less.,25,Target Corp.,Consumer Discretionary,General Merchandise Stores,4.0,,expect pay less
594,Tata Indicom, Talk as you pay,50,,Telecommunication Services,,,,talk pay
595,TATA MOTORS , Even More Car per Car,25,,Consumer Discretionary,,,,even car car
596,TE Connectivity Ltd.,Every Connection Counts,45,TE Connectivity Ltd.,Information Technology,Electronic Manufacturing Services,3.0,,everi connect count
597,TESCO , Every Little Helps,30,,Consumer Staples,,,,everi littl help
598,Texas Instruments,Technology for Innovators,45,Texas Instruments,Information Technology,Semiconductors,3.0,,technolog innov
599,Textron Inc.,Reaching new heights.,20,Textron Inc.,Industrials,Aerospace & Defense,3.0,,reach new height
600,Thai Airways, SMOOTH AS SILK,20,,Industrials,,,,smooth silk
601,The Bank of New York Mellon Corp.,The Investments Company for the World,40,The Bank of New York Mellon Corp.,Financials,Asset Management & Custody Banks,6.0,,invest compani world
602,The Clorox Company,"We make everyday life better, every day",25, ,Consumer Discretionary, ,7.0,,make everyday life better everi day
603,The Coca Cola Company,Things go better with Coke.,30,Coca-Cola Company (The),Consumer Staples,Soft Drinks,5.0,,thing go better coke
604,THE DAILY TELEGRAPH , Read a Bestseller everyday ,25,,Consumer Discretionary,,,,read bestsel everyday
605,The Hershey Company,The Sweetest Taste on Earth,30,  ,Consumer Staples,Packaged Foods & Meats,5.0,,sweetest tast earth
606,The Mosaic Company,Helping the World Grow the Food it Needs,15,The Mosaic Company,Materials,Fertilizers & Agricultural Chemicals,8.0,,help world grow food need
607,The Walt Disney Company,I'm going to Disney World!,25,The Walt Disney Company,Consumer Discretionary,Cable & Satellite,5.0,,go disney world
608,Thermo Fisher Scientific,The world leader in serving science,35,Thermo Fisher Scientific,Health Care,Health Care Equipment,6.0,,world leader serv scienc
609,Tiffany & Co.,True love grows,25,Tiffany & Co.,Consumer Discretionary,"Apparel, Accessories & Luxury Goods",3.0,,true love grow
610,TIMESJOBS.COM ," "" If you have a reason, we have the job """,25,,Consumer Discretionary,,,,reason job
611,TJX Companies Inc.,Get the max for the minimum.,25,TJX Companies Inc.,Consumer Discretionary,Apparel Retail,6.0,,get max minimum
612,Torchmark Corp.,For middle income Americans,40,Torchmark Corp.,Financials,Life & Health Insurance,4.0,,middl incom american
613,TOSHIBA , Choose Freedom,25,,Consumer Discretionary,,,,choos freedom
614,Total System Services,People-Centered Payments,45,Total System Services,Information Technology,Internet Software & Services,2.0,,peoplecent payment
615,TOYOTA , Touch The Perfection,25,,Consumer Discretionary,,,,touch perfect
616,Tractor Supply Company,For Life Out Here,25,Tractor Supply Company,Consumer Discretionary,Specialty Stores,4.0,,life
617,TripAdvisor,Plan and book your perfect trip,25,TripAdvisor,Consumer Discretionary,Internet & Direct Marketing Retail,6.0,,plan book perfect trip
618,Twenty-First Century Fox Class A,HOME ENTERTAINMENT,25,Twenty-First Century Fox Class A,Consumer Discretionary,Publishing,2.0,,home entertain
619,Twenty-First Century Fox Class B,HOME ENTERTAINMENT,25,Twenty-First Century Fox Class B,Consumer Discretionary,Publishing,2.0,,home entertain
620,Tyson Foods,Powered by Tyson.,30,Tyson Foods,Consumer Staples,Packaged Foods & Meats,3.0,,power tyson
621,U.S. Bancorp,All of US serving you.,40,U.S. Bancorp,Financials,Diversified Banks,5.0,,us serv
622,UBS , You and Us,40,,Financials,,,,us
623,UDR Inc,Opening Doors To The Future,60,UDR Inc,Real Estate,Residential REITs,5.0,,open futur
624,Under Armour,Protect This House,25,Under Armour Class A,Consumer Discretionary,"Apparel, Accessories & Luxury Goods",3.0,,protect hous
625,Union Bank of India , Good People to Bank with,40,,Financials,,,,good peopl bank
626,Union Pacific,Building America.,20,Union Pacific,Industrials,Railroads,2.0,,build america
627,United Continental Holdings,Let's fly together,20,United Continental Holdings,Industrials,Airlines,3.0,,let fli togeth
628,United Health Group Inc.,Helping People Live Healthier Lives.,35,United Health Group Inc.,Health Care,Managed Health Care,5.0,,help peopl live healthier live
629,United Parcel Service,We run the tightest ship in the shipping business.,20,United Parcel Service,Industrials,Air Freight & Logistics,9.0,,run tightest ship ship busi
630,"United Rentals, Inc.",You're building the future. We're here to help.,20,"United Rentals, Inc.",Industrials,Trading Companies & Distributors,8.0,,build futur help
631,United Technologies,You can see everything from here,20,United Technologies,Industrials,Aerospace & Defense,6.0,,see everyth
632,"Universal Health Services, Inc.",The Health Care you need. Close to Home.,35,"Universal Health Services, Inc.",Health Care,Health Care Facilities,8.0,,health need close home
633,Unum Group,Better Benefits at Work.,40,Unum Group,Financials,Life & Health Insurance,4.0,,better benefit work
634,V.F. Corp.,We Fit Your Life,25,V.F. Corp.,Consumer Discretionary,"Apparel, Accessories & Luxury Goods",4.0,,fit life
635,Valero Energy,Investing in Excellence.,10,Valero Energy,Energy,Oil & Gas Refining & Marketing,3.0,,invest excel
636,Varian Medical Systems,A partner for life,35,Varian Medical Systems,Health Care,Health Care Equipment,4.0,,partner life
637,Ventas Inc,"Reliable Capital, Delivering value",60,Ventas Inc,Real Estate,Health Care REITs,4.0,,reliabl capit deliv valu
638,Verisign Inc.,Powered by Verisign,45,Verisign Inc.,Information Technology,Internet Software & Services,3.0,,power verisign
639,Verisk Analytics,Serve. Add Value. Innovate,20,Verisk Analytics,Industrials,Research & Consulting Services,4.0,,serv add valu innov
640,Verizon Communications,Rule the Air,50,Verizon Communications,Telecommunication Services,Integrated Telecommunication Services,3.0,,rule air
641,Vertex Pharmaceuticals Inc,The Science of Possibility,35,Vertex Pharmaceuticals Inc,Health Care,Biotechnology,4.0,,scienc possibl
642,Viacom Inc.,I want My MTV,25,Viacom Inc.,Consumer Discretionary,Cable & Satellite,4.0,,mtv
643,Virginia Slim Cigarettes, YOU'VE COME A LONG WAY BABY,25,,Consumer Discretionary,,,,youv long way babi
644,Visa Inc.,Go with Visa,45,Visa Inc.,Information Technology,Internet Software & Services,3.0,,go visa
645,VIZAG STEEL , Pride of Steel,15,,Materials,,,,pride steel
646,VOLKSWAGEN, Think Small,25,,Consumer Discretionary,,,,think small
647,VOLKSWAGEN , Drivers wanted,25,,Consumer Discretionary,,,,driver
648,Vornado Realty Trust,Fully-integrated real estate investment trust,60,Vornado Realty Trust,Real Estate,Office REITs,5.0,,fullyintegr real estat invest trust
649,Vulcan Materials,Think Safety,15,Vulcan Materials,Materials,Construction Materials,2.0,,think safeti
650,Walgreens Boots Alliance,The Pharmacy America trusts.,30,Walgreens Boots Alliance,Consumer Staples,Drug Retail,4.0,,pharmaci america trust
651,WALMART , Always low prices. Always.,30,Walmart,Consumer Staples,Hypermarkets & Super Centers,,,alway low price alway
652,Wal-Mart Stores,Save Money. Live Better.,30,Walmart,Consumer Staples,Hypermarkets & Super Centers,4.0,,save money live better
653,Waste Management Inc.,Think green,20,Waste Management Inc.,Industrials,Environmental & Facilities Services,2.0,,think green
654,Waters Corporation,The science of what's possible,35,Waters Corporation,Health Care,Health Care Distributors,5.0,,scienc possibl
655,Wells Fargo,Together we'll go far.,40,Wells Fargo,Financials,Diversified Banks,4.0,,togeth well go far
656,Welltower Inc.,Humane Capital Help Desk,60,Welltower Inc.,Real Estate,Health Care REITs,4.0,,human capit help desk
657,Western Digital,Designed to protect your data.,45,Western Digital,Information Technology,"Technology Hardware, Storage & Peripherals",5.0,,design protect data
658,Western Union Co,The fastest way to send money  worldwide,40,Western Union Co,Financials,Internet Software & Services,8.0,,fastest way send money worldwid
659,Weyerhaeuser Corp.,Growing a truly great company.,60,Weyerhaeuser,Real Estate,Specialized REITs,5.0,,grow truli great compani
660,Whirlpool Corp.,"Work Globally, Act Locally",25,Whirlpool Corp.,Consumer Discretionary,Household Appliances,4.0,,work global act local
661,Williams Cos.,We make energy happen.,10,Williams Cos.,Energy,Oil & Gas Storage & Transportation,4.0,,make energi happen
662,Willis Towers Watson,Family of Companies,40,Willis Towers Watson,Financials,Insurance Brokers,3.0,,famili compani
663,WIPRO , Applying Thought,45,,Information Technology,,,,appli thought
664,Wynn Resorts Ltd,Wynn Las Vegas,25,Wynn Resorts Ltd,Consumer Discretionary,Casinos & Gaming,3.0,,wynn vega
665,Xcel Energy Inc,Responsible by Nature,55,Xcel Energy Inc,Utilities,Multi-Utilities,3.0,,respons natur
666,Xerox, THE DOCUMENT COMPANY,45,Xerox,Information Technology,"Technology Hardware, Storage & Peripherals",,,document compani
667,Xerox Corp.,Work can work better,45,Xerox,Information Technology,"Technology Hardware, Storage & Peripherals",4.0,,work work better
668,Xilinx Inc,All Programmable,45,Xilinx,Information Technology,Semiconductors,2.0,,programm
669,XL Capital,Make Your World Go,40,XL Group,Financials,Property & Casualty Insurance,4.0,,make world go
670,Xylem Inc.,Let's Solve Water,20,Xylem Inc.,Industrials,Industrial Machinery,3.0,,let solv water
671,Yum! Brands Inc,Alone we're delicious together we're Yum!,25,Yum! Brands Inc,Consumer Discretionary,Restaurants,5.0,,alon delici togeth yum
672,Zimmer Biomet Holdings,Personal fit. Renewed life,35,Zimmer Biomet Holdings,Health Care,Health Care Equipment,4.0,,person fit renew life
673,Zions Bancorp,A collection of Great banks,40,Zions Bancorp,Financials,Regional Banks,5.0,,collect great bank
674,Zoetis,"For Animals, For Health. For You",35,Zoetis,Health Care,Pharmaceuticals,6.0,,anim health
